product_name	step_number	step_name	qty	step_ct
A005-MA	10.001	A005-R1-AB1IQC-WFS	1	12.0
A005-MA	10.001	A005-R1-AB1IQC-WFS	2	12.0
A005-MA	10.001	A005-R1-AB1IQC-WFS	3	12.0
A005-MA	10.001	A005-R1-AB1IQC-WFS	4	12.0
A005-MA	10.001	A005-R1-AB1IQC-WFS	5	12.0
A005-MA	10.001	A005-R1-AB1IQC-WFS	6	12.0
A005-MA	10.001	A005-R1-AB1IQC-WFS	7	12.0
A005-MA	10.001	A005-R1-AB1IQC-WFS	8	12.0
A005-MA	10.001	A005-R1-AB1IQC-WFS	9	12.0
A005-MA	10.001	A005-R1-AB1IQC-WFS	10	12.0
A005-MA	10.001	A005-R1-AB1IQC-WFS	11	12.0
A005-MA	10.001	A005-R1-AB1IQC-WFS	12	12.0
A005-MA	10.001	A005-R1-AB1IQC-WFS	13	12.0
A005-MA	10.002	A005-R1-AB1IQC-T7CODE	1	0.72
A005-MA	10.002	A005-R1-AB1IQC-T7CODE	2	0.96
A005-MA	10.002	A005-R1-AB1IQC-T7CODE	3	1.2
A005-MA	10.002	A005-R1-AB1IQC-T7CODE	4	1.44
A005-MA	10.002	A005-R1-AB1IQC-T7CODE	5	1.68
A005-MA	10.002	A005-R1-AB1IQC-T7CODE	6	1.92
A005-MA	10.002	A005-R1-AB1IQC-T7CODE	7	2.16
A005-MA	10.002	A005-R1-AB1IQC-T7CODE	8	2.4
A005-MA	10.002	A005-R1-AB1IQC-T7CODE	9	2.64
A005-MA	10.002	A005-R1-AB1IQC-T7CODE	10	2.88
A005-MA	10.002	A005-R1-AB1IQC-T7CODE	11	3.12
A005-MA	10.002	A005-R1-AB1IQC-T7CODE	12	3.36
A005-MA	10.002	A005-R1-AB1IQC-T7CODE	13	3.6
A005-MA	10.003	A005-R1-AB1IQC-INCOMING-MAP	1	12.0
A005-MA	10.003	A005-R1-AB1IQC-INCOMING-MAP	2	12.0
A005-MA	10.003	A005-R1-AB1IQC-INCOMING-MAP	3	12.0
A005-MA	10.003	A005-R1-AB1IQC-INCOMING-MAP	4	12.0
A005-MA	10.003	A005-R1-AB1IQC-INCOMING-MAP	5	12.0
A005-MA	10.003	A005-R1-AB1IQC-INCOMING-MAP	6	12.0
A005-MA	10.003	A005-R1-AB1IQC-INCOMING-MAP	7	12.0
A005-MA	10.003	A005-R1-AB1IQC-INCOMING-MAP	8	12.0
A005-MA	10.003	A005-R1-AB1IQC-INCOMING-MAP	9	12.0
A005-MA	10.003	A005-R1-AB1IQC-INCOMING-MAP	10	12.0
A005-MA	10.003	A005-R1-AB1IQC-INCOMING-MAP	11	12.0
A005-MA	10.003	A005-R1-AB1IQC-INCOMING-MAP	12	12.0
A005-MA	10.003	A005-R1-AB1IQC-INCOMING-MAP	13	12.0
A005-MA	10.004	A005-R1-AB1IQC-INSP	1	1.92
A005-MA	10.004	A005-R1-AB1IQC-INSP	2	2.76
A005-MA	10.004	A005-R1-AB1IQC-INSP	3	3.6
A005-MA	10.004	A005-R1-AB1IQC-INSP	4	4.44
A005-MA	10.004	A005-R1-AB1IQC-INSP	5	5.28
A005-MA	10.004	A005-R1-AB1IQC-INSP	6	6.12
A005-MA	10.004	A005-R1-AB1IQC-INSP	7	6.96
A005-MA	10.004	A005-R1-AB1IQC-INSP	8	7.8
A005-MA	10.004	A005-R1-AB1IQC-INSP	9	8.64
A005-MA	10.004	A005-R1-AB1IQC-INSP	10	9.48
A005-MA	10.004	A005-R1-AB1IQC-INSP	11	10.32
A005-MA	10.004	A005-R1-AB1IQC-INSP	12	11.16
A005-MA	10.004	A005-R1-AB1IQC-INSP	13	12.0
A005-MA	10.005	A005-R1-AB1IQC-INSP-REV	1	9.0
A005-MA	10.005	A005-R1-AB1IQC-INSP-REV	2	9.0
A005-MA	10.005	A005-R1-AB1IQC-INSP-REV	3	9.0
A005-MA	10.005	A005-R1-AB1IQC-INSP-REV	4	9.0
A005-MA	10.005	A005-R1-AB1IQC-INSP-REV	5	9.0
A005-MA	10.005	A005-R1-AB1IQC-INSP-REV	6	9.0
A005-MA	10.005	A005-R1-AB1IQC-INSP-REV	7	9.0
A005-MA	10.005	A005-R1-AB1IQC-INSP-REV	8	9.0
A005-MA	10.005	A005-R1-AB1IQC-INSP-REV	9	9.0
A005-MA	10.005	A005-R1-AB1IQC-INSP-REV	10	9.0
A005-MA	10.005	A005-R1-AB1IQC-INSP-REV	11	9.0
A005-MA	10.005	A005-R1-AB1IQC-INSP-REV	12	9.0
A005-MA	10.005	A005-R1-AB1IQC-INSP-REV	13	9.0
A005-MA	20.001	A005-R1-FC-REFLOW	1	90.6
A005-MA	20.001	A005-R1-FC-REFLOW	2	125.4
A005-MA	20.001	A005-R1-FC-REFLOW	3	160.2
A005-MA	20.001	A005-R1-FC-REFLOW	4	195.0
A005-MA	20.001	A005-R1-FC-REFLOW	5	229.8
A005-MA	20.001	A005-R1-FC-REFLOW	6	264.6
A005-MA	20.001	A005-R1-FC-REFLOW	7	299.4
A005-MA	20.001	A005-R1-FC-REFLOW	8	334.2
A005-MA	20.001	A005-R1-FC-REFLOW	9	369.0
A005-MA	20.001	A005-R1-FC-REFLOW	10	403.8
A005-MA	20.001	A005-R1-FC-REFLOW	11	438.6
A005-MA	20.001	A005-R1-FC-REFLOW	12	473.4
A005-MA	20.001	A005-R1-FC-REFLOW	13	508.2
A005-MA	20.002	A005-R1-FC-DEFLUX	1	44.52
A005-MA	20.002	A005-R1-FC-DEFLUX	2	67.56
A005-MA	20.002	A005-R1-FC-DEFLUX	3	90.6
A005-MA	20.002	A005-R1-FC-DEFLUX	4	113.64
A005-MA	20.002	A005-R1-FC-DEFLUX	5	136.68
A005-MA	20.002	A005-R1-FC-DEFLUX	6	159.72
A005-MA	20.002	A005-R1-FC-DEFLUX	7	182.76
A005-MA	20.002	A005-R1-FC-DEFLUX	8	205.8
A005-MA	20.002	A005-R1-FC-DEFLUX	9	226.92
A005-MA	20.002	A005-R1-FC-DEFLUX	10	248.04
A005-MA	20.002	A005-R1-FC-DEFLUX	11	269.16
A005-MA	20.002	A005-R1-FC-DEFLUX	12	290.28
A005-MA	20.002	A005-R1-FC-DEFLUX	13	311.4
A005-MA	20.003	A005-R1-FC-SOH-MEAS	1	249.24
A005-MA	20.003	A005-R1-FC-SOH-MEAS	2	364.32
A005-MA	20.003	A005-R1-FC-SOH-MEAS	3	479.4
A005-MA	20.003	A005-R1-FC-SOH-MEAS	4	594.48
A005-MA	20.003	A005-R1-FC-SOH-MEAS	5	709.56
A005-MA	20.003	A005-R1-FC-SOH-MEAS	6	824.64
A005-MA	20.003	A005-R1-FC-SOH-MEAS	7	939.72
A005-MA	20.003	A005-R1-FC-SOH-MEAS	8	1054.8
A005-MA	20.003	A005-R1-FC-SOH-MEAS	9	1169.88
A005-MA	20.003	A005-R1-FC-SOH-MEAS	10	1284.96
A005-MA	20.003	A005-R1-FC-SOH-MEAS	11	1400.04
A005-MA	20.003	A005-R1-FC-SOH-MEAS	12	1515.12
A005-MA	20.003	A005-R1-FC-SOH-MEAS	13	1630.2
A005-MA	20.004	A005-R1-FC-GAP-MEAS	1	12.48
A005-MA	20.004	A005-R1-FC-GAP-MEAS	2	25.44
A005-MA	20.004	A005-R1-FC-GAP-MEAS	3	38.4
A005-MA	20.004	A005-R1-FC-GAP-MEAS	4	51.36
A005-MA	20.004	A005-R1-FC-GAP-MEAS	5	64.32
A005-MA	20.004	A005-R1-FC-GAP-MEAS	6	77.28
A005-MA	20.004	A005-R1-FC-GAP-MEAS	7	90.24
A005-MA	20.004	A005-R1-FC-GAP-MEAS	8	103.2
A005-MA	20.004	A005-R1-FC-GAP-MEAS	9	116.04
A005-MA	20.004	A005-R1-FC-GAP-MEAS	10	128.88
A005-MA	20.004	A005-R1-FC-GAP-MEAS	11	141.72
A005-MA	20.004	A005-R1-FC-GAP-MEAS	12	154.56
A005-MA	20.004	A005-R1-FC-GAP-MEAS	13	167.4
A005-MA	20.005	A005-R1-FC-IR-INSP	1	15.0
A005-MA	20.005	A005-R1-FC-IR-INSP	2	30.0
A005-MA	20.005	A005-R1-FC-IR-INSP	3	45.0
A005-MA	20.005	A005-R1-FC-IR-INSP	4	60.0
A005-MA	20.005	A005-R1-FC-IR-INSP	5	75.0
A005-MA	20.005	A005-R1-FC-IR-INSP	6	90.0
A005-MA	20.005	A005-R1-FC-IR-INSP	7	105.0
A005-MA	20.005	A005-R1-FC-IR-INSP	8	120
A005-MA	20.005	A005-R1-FC-IR-INSP	9	135.0
A005-MA	20.005	A005-R1-FC-IR-INSP	10	150.0
A005-MA	20.005	A005-R1-FC-IR-INSP	11	165.0
A005-MA	20.005	A005-R1-FC-IR-INSP	12	180.0
A005-MA	20.005	A005-R1-FC-IR-INSP	13	195.0
A005-MA	20.006	A005-R1-FC-IR-INSP-REV	1	15.0
A005-MA	20.006	A005-R1-FC-IR-INSP-REV	2	30.0
A005-MA	20.006	A005-R1-FC-IR-INSP-REV	3	45.0
A005-MA	20.006	A005-R1-FC-IR-INSP-REV	4	60.0
A005-MA	20.006	A005-R1-FC-IR-INSP-REV	5	75.0
A005-MA	20.006	A005-R1-FC-IR-INSP-REV	6	90.0
A005-MA	20.006	A005-R1-FC-IR-INSP-REV	7	105.0
A005-MA	20.006	A005-R1-FC-IR-INSP-REV	8	120
A005-MA	20.006	A005-R1-FC-IR-INSP-REV	9	135.0
A005-MA	20.006	A005-R1-FC-IR-INSP-REV	10	150.0
A005-MA	20.006	A005-R1-FC-IR-INSP-REV	11	165.0
A005-MA	20.006	A005-R1-FC-IR-INSP-REV	12	180.0
A005-MA	20.006	A005-R1-FC-IR-INSP-REV	13	195.0
A005-MA	20.007	A005-R1-FC-INSP	1	3.0
A005-MA	20.007	A005-R1-FC-INSP	2	4.2
A005-MA	20.007	A005-R1-FC-INSP	3	5.4
A005-MA	20.007	A005-R1-FC-INSP	4	6.6
A005-MA	20.007	A005-R1-FC-INSP	5	7.8
A005-MA	20.007	A005-R1-FC-INSP	6	9.0
A005-MA	20.007	A005-R1-FC-INSP	7	10.2
A005-MA	20.007	A005-R1-FC-INSP	8	11.4
A005-MA	20.007	A005-R1-FC-INSP	9	12.72
A005-MA	20.007	A005-R1-FC-INSP	10	14.04
A005-MA	20.007	A005-R1-FC-INSP	11	15.36
A005-MA	20.007	A005-R1-FC-INSP	12	16.68
A005-MA	20.007	A005-R1-FC-INSP	13	18.0
A005-MA	20.008	A005-R1-FC-INSP-REV	1	9.0
A005-MA	20.008	A005-R1-FC-INSP-REV	2	9.0
A005-MA	20.008	A005-R1-FC-INSP-REV	3	9.0
A005-MA	20.008	A005-R1-FC-INSP-REV	4	9.0
A005-MA	20.008	A005-R1-FC-INSP-REV	5	9.0
A005-MA	20.008	A005-R1-FC-INSP-REV	6	9.0
A005-MA	20.008	A005-R1-FC-INSP-REV	7	9.0
A005-MA	20.008	A005-R1-FC-INSP-REV	8	9.0
A005-MA	20.008	A005-R1-FC-INSP-REV	9	9.0
A005-MA	20.008	A005-R1-FC-INSP-REV	10	9.0
A005-MA	20.008	A005-R1-FC-INSP-REV	11	9.0
A005-MA	20.008	A005-R1-FC-INSP-REV	12	9.0
A005-MA	20.008	A005-R1-FC-INSP-REV	13	9.0
A005-MA	30.001	A005-R1-UF-BAKE	1	122.04
A005-MA	30.001	A005-R1-UF-BAKE	2	123.12
A005-MA	30.001	A005-R1-UF-BAKE	3	124.2
A005-MA	30.001	A005-R1-UF-BAKE	4	125.28
A005-MA	30.001	A005-R1-UF-BAKE	5	126.36
A005-MA	30.001	A005-R1-UF-BAKE	6	127.44
A005-MA	30.001	A005-R1-UF-BAKE	7	128.52
A005-MA	30.001	A005-R1-UF-BAKE	8	129.6
A005-MA	30.001	A005-R1-UF-BAKE	9	130.68
A005-MA	30.001	A005-R1-UF-BAKE	10	131.76
A005-MA	30.001	A005-R1-UF-BAKE	11	132.84
A005-MA	30.001	A005-R1-UF-BAKE	12	133.92
A005-MA	30.001	A005-R1-UF-BAKE	13	135.0
A005-MA	30.002	A005-R1-UF-AUTO-SPLIT	1	1.92
A005-MA	30.002	A005-R1-UF-AUTO-SPLIT	2	2.76
A005-MA	30.002	A005-R1-UF-AUTO-SPLIT	3	3.6
A005-MA	30.002	A005-R1-UF-AUTO-SPLIT	4	4.44
A005-MA	30.002	A005-R1-UF-AUTO-SPLIT	5	5.28
A005-MA	30.002	A005-R1-UF-AUTO-SPLIT	6	6.12
A005-MA	30.002	A005-R1-UF-AUTO-SPLIT	7	6.96
A005-MA	30.002	A005-R1-UF-AUTO-SPLIT	8	7.8
A005-MA	30.002	A005-R1-UF-AUTO-SPLIT	9	8.64
A005-MA	30.002	A005-R1-UF-AUTO-SPLIT	10	9.48
A005-MA	30.002	A005-R1-UF-AUTO-SPLIT	11	10.32
A005-MA	30.002	A005-R1-UF-AUTO-SPLIT	12	11.16
A005-MA	30.002	A005-R1-UF-AUTO-SPLIT	13	12.0
A005-MA	30.003	A005-R1-UF-PLASMA	1	7.2
A005-MA	30.003	A005-R1-UF-PLASMA	2	7.2
A005-MA	30.003	A005-R1-UF-PLASMA	3	7.2
A005-MA	30.003	A005-R1-UF-PLASMA	4	7.2
A005-MA	30.003	A005-R1-UF-PLASMA	5	7.2
A005-MA	30.003	A005-R1-UF-PLASMA	6	7.2
A005-MA	30.003	A005-R1-UF-PLASMA	7	7.2
A005-MA	30.003	A005-R1-UF-PLASMA	8	7.2
A005-MA	30.003	A005-R1-UF-PLASMA	9	7.2
A005-MA	30.003	A005-R1-UF-PLASMA	10	7.2
A005-MA	30.003	A005-R1-UF-PLASMA	11	7.2
A005-MA	30.003	A005-R1-UF-PLASMA	12	7.2
A005-MA	30.003	A005-R1-UF-PLASMA	13	7.2
A005-MA	30.004	A005-R1-UF-DISPENSE	1	38.64
A005-MA	30.004	A005-R1-UF-DISPENSE	2	66.12
A005-MA	30.004	A005-R1-UF-DISPENSE	3	93.6
A005-MA	30.004	A005-R1-UF-DISPENSE	4	121.08
A005-MA	30.004	A005-R1-UF-DISPENSE	5	148.56
A005-MA	30.004	A005-R1-UF-DISPENSE	6	176.04
A005-MA	30.004	A005-R1-UF-DISPENSE	7	203.52
A005-MA	30.004	A005-R1-UF-DISPENSE	8	231.0
A005-MA	30.004	A005-R1-UF-DISPENSE	9	231.0
A005-MA	30.004	A005-R1-UF-DISPENSE	10	231.0
A005-MA	30.004	A005-R1-UF-DISPENSE	11	231.0
A005-MA	30.004	A005-R1-UF-DISPENSE	12	231.0
A005-MA	30.004	A005-R1-UF-DISPENSE	13	231.0
A005-MA	30.005	A005-R1-UF-CURE	1	337.8
A005-MA	30.005	A005-R1-UF-CURE	2	337.8
A005-MA	30.005	A005-R1-UF-CURE	3	337.8
A005-MA	30.005	A005-R1-UF-CURE	4	337.8
A005-MA	30.005	A005-R1-UF-CURE	5	337.8
A005-MA	30.005	A005-R1-UF-CURE	6	337.8
A005-MA	30.005	A005-R1-UF-CURE	7	337.8
A005-MA	30.005	A005-R1-UF-CURE	8	337.8
A005-MA	30.005	A005-R1-UF-CURE	9	337.92
A005-MA	30.005	A005-R1-UF-CURE	10	338.04
A005-MA	30.005	A005-R1-UF-CURE	11	338.16
A005-MA	30.005	A005-R1-UF-CURE	12	338.28
A005-MA	30.005	A005-R1-UF-CURE	13	338.4
A005-MA	30.006	A005-R1-UF-INSP	1	2.76
A005-MA	30.006	A005-R1-UF-INSP	2	4.08
A005-MA	30.006	A005-R1-UF-INSP	3	5.4
A005-MA	30.006	A005-R1-UF-INSP	4	6.72
A005-MA	30.006	A005-R1-UF-INSP	5	8.04
A005-MA	30.006	A005-R1-UF-INSP	6	9.36
A005-MA	30.006	A005-R1-UF-INSP	7	10.68
A005-MA	30.006	A005-R1-UF-INSP	8	12.0
A005-MA	30.006	A005-R1-UF-INSP	9	13.32
A005-MA	30.006	A005-R1-UF-INSP	10	14.64
A005-MA	30.006	A005-R1-UF-INSP	11	15.96
A005-MA	30.006	A005-R1-UF-INSP	12	17.28
A005-MA	30.006	A005-R1-UF-INSP	13	18.6
A005-MA	30.007	A005-R1-UF-INSP-REV	1	4.92
A005-MA	30.007	A005-R1-UF-INSP-REV	2	7.56
A005-MA	30.007	A005-R1-UF-INSP-REV	3	10.2
A005-MA	30.007	A005-R1-UF-INSP-REV	4	12.84
A005-MA	30.007	A005-R1-UF-INSP-REV	5	15.48
A005-MA	30.007	A005-R1-UF-INSP-REV	6	18.12
A005-MA	30.007	A005-R1-UF-INSP-REV	7	20.76
A005-MA	30.007	A005-R1-UF-INSP-REV	8	23.4
A005-MA	30.007	A005-R1-UF-INSP-REV	9	26.04
A005-MA	30.007	A005-R1-UF-INSP-REV	10	28.68
A005-MA	30.007	A005-R1-UF-INSP-REV	11	31.32
A005-MA	30.007	A005-R1-UF-INSP-REV	12	33.96
A005-MA	30.007	A005-R1-UF-INSP-REV	13	36.6
A005-MA	30.008	A005-R1-UF-CREEP-DISTANCE-MEAS	1	48.96
A005-MA	30.008	A005-R1-UF-CREEP-DISTANCE-MEAS	2	97.68
A005-MA	30.008	A005-R1-UF-CREEP-DISTANCE-MEAS	3	146.4
A005-MA	30.008	A005-R1-UF-CREEP-DISTANCE-MEAS	4	195.12
A005-MA	30.008	A005-R1-UF-CREEP-DISTANCE-MEAS	5	243.84
A005-MA	30.008	A005-R1-UF-CREEP-DISTANCE-MEAS	6	292.56
A005-MA	30.008	A005-R1-UF-CREEP-DISTANCE-MEAS	7	341.28
A005-MA	30.008	A005-R1-UF-CREEP-DISTANCE-MEAS	8	390.0
A005-MA	30.008	A005-R1-UF-CREEP-DISTANCE-MEAS	9	438.72
A005-MA	30.008	A005-R1-UF-CREEP-DISTANCE-MEAS	10	487.44
A005-MA	30.008	A005-R1-UF-CREEP-DISTANCE-MEAS	11	536.16
A005-MA	30.008	A005-R1-UF-CREEP-DISTANCE-MEAS	12	584.88
A005-MA	30.008	A005-R1-UF-CREEP-DISTANCE-MEAS	13	633.6
A005-MA	40.001	A005-R1-DAF-DUMMY-DIE	1	60.0
A005-MA	40.001	A005-R1-DAF-DUMMY-DIE	2	120.0
A005-MA	40.001	A005-R1-DAF-DUMMY-DIE	3	180
A005-MA	40.001	A005-R1-DAF-DUMMY-DIE	4	240.0
A005-MA	40.001	A005-R1-DAF-DUMMY-DIE	5	300.0
A005-MA	40.001	A005-R1-DAF-DUMMY-DIE	6	360.0
A005-MA	40.001	A005-R1-DAF-DUMMY-DIE	7	420.0
A005-MA	40.001	A005-R1-DAF-DUMMY-DIE	8	480
A005-MA	40.001	A005-R1-DAF-DUMMY-DIE	9	540.0
A005-MA	40.001	A005-R1-DAF-DUMMY-DIE	10	600.0
A005-MA	40.001	A005-R1-DAF-DUMMY-DIE	11	660.0
A005-MA	40.001	A005-R1-DAF-DUMMY-DIE	12	720.0
A005-MA	40.001	A005-R1-DAF-DUMMY-DIE	13	780
A005-MA	40.002	A005-R1-DAF-CURE	1	206.64
A005-MA	40.002	A005-R1-DAF-CURE	2	208.92
A005-MA	40.002	A005-R1-DAF-CURE	3	211.2
A005-MA	40.002	A005-R1-DAF-CURE	4	213.48
A005-MA	40.002	A005-R1-DAF-CURE	5	215.76
A005-MA	40.002	A005-R1-DAF-CURE	6	218.04
A005-MA	40.002	A005-R1-DAF-CURE	7	220.32
A005-MA	40.002	A005-R1-DAF-CURE	8	222.6
A005-MA	40.002	A005-R1-DAF-CURE	9	224.88
A005-MA	40.002	A005-R1-DAF-CURE	10	227.16
A005-MA	40.002	A005-R1-DAF-CURE	11	229.44
A005-MA	40.002	A005-R1-DAF-CURE	12	231.72
A005-MA	40.002	A005-R1-DAF-CURE	13	234.0
A005-MA	40.003	A005-R1-DAF-INSP	1	2.76
A005-MA	40.003	A005-R1-DAF-INSP	2	4.08
A005-MA	40.003	A005-R1-DAF-INSP	3	5.4
A005-MA	40.003	A005-R1-DAF-INSP	4	6.72
A005-MA	40.003	A005-R1-DAF-INSP	5	8.04
A005-MA	40.003	A005-R1-DAF-INSP	6	9.36
A005-MA	40.003	A005-R1-DAF-INSP	7	10.68
A005-MA	40.003	A005-R1-DAF-INSP	8	12.0
A005-MA	40.003	A005-R1-DAF-INSP	9	13.2
A005-MA	40.003	A005-R1-DAF-INSP	10	14.4
A005-MA	40.003	A005-R1-DAF-INSP	11	15.6
A005-MA	40.003	A005-R1-DAF-INSP	12	16.8
A005-MA	40.003	A005-R1-DAF-INSP	13	18.0
A005-MA	40.004	A005-R1-DAF-INSP-REV	1	6.24
A005-MA	40.004	A005-R1-DAF-INSP-REV	2	6.72
A005-MA	40.004	A005-R1-DAF-INSP-REV	3	7.2
A005-MA	40.004	A005-R1-DAF-INSP-REV	4	7.68
A005-MA	40.004	A005-R1-DAF-INSP-REV	5	8.16
A005-MA	40.004	A005-R1-DAF-INSP-REV	6	8.64
A005-MA	40.004	A005-R1-DAF-INSP-REV	7	9.12
A005-MA	40.004	A005-R1-DAF-INSP-REV	8	9.6
A005-MA	40.004	A005-R1-DAF-INSP-REV	9	9.96
A005-MA	40.004	A005-R1-DAF-INSP-REV	10	10.32
A005-MA	40.004	A005-R1-DAF-INSP-REV	11	10.68
A005-MA	40.004	A005-R1-DAF-INSP-REV	12	11.04
A005-MA	40.004	A005-R1-DAF-INSP-REV	13	11.4
A005-MA	40.005	A005-R1-DAF-SAT	1	180.0
A005-MA	40.005	A005-R1-DAF-SAT	2	360.0
A005-MA	40.005	A005-R1-DAF-SAT	3	540
A005-MA	40.005	A005-R1-DAF-SAT	4	720.0
A005-MA	40.005	A005-R1-DAF-SAT	5	900.0
A005-MA	40.005	A005-R1-DAF-SAT	6	1080.0
A005-MA	40.005	A005-R1-DAF-SAT	7	1260.0
A005-MA	40.005	A005-R1-DAF-SAT	8	1440
A005-MA	40.005	A005-R1-DAF-SAT	9	1620.0
A005-MA	40.005	A005-R1-DAF-SAT	10	1800.0
A005-MA	40.005	A005-R1-DAF-SAT	11	1980.0
A005-MA	40.005	A005-R1-DAF-SAT	12	2160.0
A005-MA	40.005	A005-R1-DAF-SAT	13	2340
A005-MA	40.006	A005-R1-DAF-SAT-REV	1	5.88
A005-MA	40.006	A005-R1-DAF-SAT-REV	2	6.24
A005-MA	40.006	A005-R1-DAF-SAT-REV	3	6.6
A005-MA	40.006	A005-R1-DAF-SAT-REV	4	6.96
A005-MA	40.006	A005-R1-DAF-SAT-REV	5	7.32
A005-MA	40.006	A005-R1-DAF-SAT-REV	6	7.68
A005-MA	40.006	A005-R1-DAF-SAT-REV	7	8.04
A005-MA	40.006	A005-R1-DAF-SAT-REV	8	8.4
A005-MA	40.006	A005-R1-DAF-SAT-REV	9	8.76
A005-MA	40.006	A005-R1-DAF-SAT-REV	10	9.12
A005-MA	40.006	A005-R1-DAF-SAT-REV	11	9.48
A005-MA	40.006	A005-R1-DAF-SAT-REV	12	9.84
A005-MA	40.006	A005-R1-DAF-SAT-REV	13	10.2
A005-MA	40.007	A005-R1-DAF-BAKE	1	122.04
A005-MA	40.007	A005-R1-DAF-BAKE	2	123.12
A005-MA	40.007	A005-R1-DAF-BAKE	3	124.2
A005-MA	40.007	A005-R1-DAF-BAKE	4	125.28
A005-MA	40.007	A005-R1-DAF-BAKE	5	126.36
A005-MA	40.007	A005-R1-DAF-BAKE	6	127.44
A005-MA	40.007	A005-R1-DAF-BAKE	7	128.52
A005-MA	40.007	A005-R1-DAF-BAKE	8	129.6
A005-MA	40.007	A005-R1-DAF-BAKE	9	130.56
A005-MA	40.007	A005-R1-DAF-BAKE	10	131.52
A005-MA	40.007	A005-R1-DAF-BAKE	11	132.48
A005-MA	40.007	A005-R1-DAF-BAKE	12	133.44
A005-MA	40.007	A005-R1-DAF-BAKE	13	134.4
A005-MA	40.008	A005-R1-DAF-CHIPPING-INSP	1	2.76
A005-MA	40.008	A005-R1-DAF-CHIPPING-INSP	2	4.08
A005-MA	40.008	A005-R1-DAF-CHIPPING-INSP	3	5.4
A005-MA	40.008	A005-R1-DAF-CHIPPING-INSP	4	6.72
A005-MA	40.008	A005-R1-DAF-CHIPPING-INSP	5	8.04
A005-MA	40.008	A005-R1-DAF-CHIPPING-INSP	6	9.36
A005-MA	40.008	A005-R1-DAF-CHIPPING-INSP	7	10.68
A005-MA	40.008	A005-R1-DAF-CHIPPING-INSP	8	12.0
A005-MA	40.008	A005-R1-DAF-CHIPPING-INSP	9	13.32
A005-MA	40.008	A005-R1-DAF-CHIPPING-INSP	10	14.64
A005-MA	40.008	A005-R1-DAF-CHIPPING-INSP	11	15.96
A005-MA	40.008	A005-R1-DAF-CHIPPING-INSP	12	17.28
A005-MA	40.008	A005-R1-DAF-CHIPPING-INSP	13	18.6
A005-MA	40.009	A005-R1-DAF-CHIPPING-INSP-REV	1	5.28
A005-MA	40.009	A005-R1-DAF-CHIPPING-INSP-REV	2	7.44
A005-MA	40.009	A005-R1-DAF-CHIPPING-INSP-REV	3	9.6
A005-MA	40.009	A005-R1-DAF-CHIPPING-INSP-REV	4	11.76
A005-MA	40.009	A005-R1-DAF-CHIPPING-INSP-REV	5	13.92
A005-MA	40.009	A005-R1-DAF-CHIPPING-INSP-REV	6	16.08
A005-MA	40.009	A005-R1-DAF-CHIPPING-INSP-REV	7	18.24
A005-MA	40.009	A005-R1-DAF-CHIPPING-INSP-REV	8	20.4
A005-MA	40.009	A005-R1-DAF-CHIPPING-INSP-REV	9	22.56
A005-MA	40.009	A005-R1-DAF-CHIPPING-INSP-REV	10	24.72
A005-MA	40.009	A005-R1-DAF-CHIPPING-INSP-REV	11	26.88
A005-MA	40.009	A005-R1-DAF-CHIPPING-INSP-REV	12	29.04
A005-MA	40.009	A005-R1-DAF-CHIPPING-INSP-REV	13	31.2
A005-MA	40.010	A005-R1-DAF-WARP-MEAS	1	6.36
A005-MA	40.010	A005-R1-DAF-WARP-MEAS	2	11.28
A005-MA	40.010	A005-R1-DAF-WARP-MEAS	3	16.2
A005-MA	40.010	A005-R1-DAF-WARP-MEAS	4	21.12
A005-MA	40.010	A005-R1-DAF-WARP-MEAS	5	26.04
A005-MA	40.010	A005-R1-DAF-WARP-MEAS	6	30.96
A005-MA	40.010	A005-R1-DAF-WARP-MEAS	7	35.88
A005-MA	40.010	A005-R1-DAF-WARP-MEAS	8	40.8
A005-MA	40.010	A005-R1-DAF-WARP-MEAS	9	45.6
A005-MA	40.010	A005-R1-DAF-WARP-MEAS	10	50.4
A005-MA	40.010	A005-R1-DAF-WARP-MEAS	11	55.2
A005-MA	40.010	A005-R1-DAF-WARP-MEAS	12	60.0
A005-MA	40.010	A005-R1-DAF-WARP-MEAS	13	64.8
A005-MA	50.001	A005-R1-MD-PLASMA	1	3.0
A005-MA	50.001	A005-R1-MD-PLASMA	2	3.0
A005-MA	50.001	A005-R1-MD-PLASMA	3	3.0
A005-MA	50.001	A005-R1-MD-PLASMA	4	3.0
A005-MA	50.001	A005-R1-MD-PLASMA	5	3.0
A005-MA	50.001	A005-R1-MD-PLASMA	6	3.0
A005-MA	50.001	A005-R1-MD-PLASMA	7	3.0
A005-MA	50.001	A005-R1-MD-PLASMA	8	3.0
A005-MA	50.001	A005-R1-MD-PLASMA	9	3.0
A005-MA	50.001	A005-R1-MD-PLASMA	10	3.0
A005-MA	50.001	A005-R1-MD-PLASMA	11	3.0
A005-MA	50.001	A005-R1-MD-PLASMA	12	3.0
A005-MA	50.001	A005-R1-MD-PLASMA	13	3.0
A005-MA	50.002	A005-R1-MD-MOLDING	1	94.08
A005-MA	50.002	A005-R1-MD-MOLDING	2	108.24
A005-MA	50.002	A005-R1-MD-MOLDING	3	122.4
A005-MA	50.002	A005-R1-MD-MOLDING	4	136.56
A005-MA	50.002	A005-R1-MD-MOLDING	5	150.72
A005-MA	50.002	A005-R1-MD-MOLDING	6	164.88
A005-MA	50.002	A005-R1-MD-MOLDING	7	179.04
A005-MA	50.002	A005-R1-MD-MOLDING	8	193.2
A005-MA	50.002	A005-R1-MD-MOLDING	9	207.36
A005-MA	50.002	A005-R1-MD-MOLDING	10	221.52
A005-MA	50.002	A005-R1-MD-MOLDING	11	235.68
A005-MA	50.002	A005-R1-MD-MOLDING	12	249.84
A005-MA	50.002	A005-R1-MD-MOLDING	13	264.0
A005-MA	50.003	A005-R1-MD-SHIFT-MEAS	1	9.96
A005-MA	50.003	A005-R1-MD-SHIFT-MEAS	2	17.28
A005-MA	50.003	A005-R1-MD-SHIFT-MEAS	3	24.6
A005-MA	50.003	A005-R1-MD-SHIFT-MEAS	4	31.92
A005-MA	50.003	A005-R1-MD-SHIFT-MEAS	5	39.24
A005-MA	50.003	A005-R1-MD-SHIFT-MEAS	6	46.56
A005-MA	50.003	A005-R1-MD-SHIFT-MEAS	7	53.88
A005-MA	50.003	A005-R1-MD-SHIFT-MEAS	8	61.2
A005-MA	50.003	A005-R1-MD-SHIFT-MEAS	9	68.52
A005-MA	50.003	A005-R1-MD-SHIFT-MEAS	10	75.84
A005-MA	50.003	A005-R1-MD-SHIFT-MEAS	11	83.16
A005-MA	50.003	A005-R1-MD-SHIFT-MEAS	12	90.48
A005-MA	50.003	A005-R1-MD-SHIFT-MEAS	13	97.8
A005-MA	50.004	A005-R1-MD-INSP	1	1.92
A005-MA	50.004	A005-R1-MD-INSP	2	2.76
A005-MA	50.004	A005-R1-MD-INSP	3	3.6
A005-MA	50.004	A005-R1-MD-INSP	4	4.44
A005-MA	50.004	A005-R1-MD-INSP	5	5.28
A005-MA	50.004	A005-R1-MD-INSP	6	6.12
A005-MA	50.004	A005-R1-MD-INSP	7	6.96
A005-MA	50.004	A005-R1-MD-INSP	8	7.8
A005-MA	50.004	A005-R1-MD-INSP	9	8.64
A005-MA	50.004	A005-R1-MD-INSP	10	9.48
A005-MA	50.004	A005-R1-MD-INSP	11	10.32
A005-MA	50.004	A005-R1-MD-INSP	12	11.16
A005-MA	50.004	A005-R1-MD-INSP	13	12.0
A005-MA	50.005	A005-R1-MD-INSP-REV	1	3.6
A005-MA	50.005	A005-R1-MD-INSP-REV	2	3.6
A005-MA	50.005	A005-R1-MD-INSP-REV	3	3.6
A005-MA	50.005	A005-R1-MD-INSP-REV	4	3.6
A005-MA	50.005	A005-R1-MD-INSP-REV	5	3.6
A005-MA	50.005	A005-R1-MD-INSP-REV	6	3.6
A005-MA	50.005	A005-R1-MD-INSP-REV	7	3.6
A005-MA	50.005	A005-R1-MD-INSP-REV	8	3.6
A005-MA	50.005	A005-R1-MD-INSP-REV	9	3.6
A005-MA	50.005	A005-R1-MD-INSP-REV	10	3.6
A005-MA	50.005	A005-R1-MD-INSP-REV	11	3.6
A005-MA	50.005	A005-R1-MD-INSP-REV	12	3.6
A005-MA	50.005	A005-R1-MD-INSP-REV	13	3.6
A005-MA	50.006	A005-R1-MD-TTV-MEAS	1	10.8
A005-MA	50.006	A005-R1-MD-TTV-MEAS	2	19.8
A005-MA	50.006	A005-R1-MD-TTV-MEAS	3	28.8
A005-MA	50.006	A005-R1-MD-TTV-MEAS	4	37.8
A005-MA	50.006	A005-R1-MD-TTV-MEAS	5	46.8
A005-MA	50.006	A005-R1-MD-TTV-MEAS	6	55.8
A005-MA	50.006	A005-R1-MD-TTV-MEAS	7	64.8
A005-MA	50.006	A005-R1-MD-TTV-MEAS	8	73.8
A005-MA	50.006	A005-R1-MD-TTV-MEAS	9	82.68
A005-MA	50.006	A005-R1-MD-TTV-MEAS	10	91.56
A005-MA	50.006	A005-R1-MD-TTV-MEAS	11	100.44
A005-MA	50.006	A005-R1-MD-TTV-MEAS	12	109.32
A005-MA	50.006	A005-R1-MD-TTV-MEAS	13	118.2
A005-MA	50.007	A005-R1-MD-SAT	1	126.0
A005-MA	50.007	A005-R1-MD-SAT	2	246.6
A005-MA	50.007	A005-R1-MD-SAT	3	367.2
A005-MA	50.007	A005-R1-MD-SAT	4	487.8
A005-MA	50.007	A005-R1-MD-SAT	5	608.4
A005-MA	50.007	A005-R1-MD-SAT	6	729.0
A005-MA	50.007	A005-R1-MD-SAT	7	849.6
A005-MA	50.007	A005-R1-MD-SAT	8	970.2
A005-MA	50.007	A005-R1-MD-SAT	9	1090.8
A005-MA	50.007	A005-R1-MD-SAT	10	1211.4
A005-MA	50.007	A005-R1-MD-SAT	11	1332.0
A005-MA	50.007	A005-R1-MD-SAT	12	1452.6
A005-MA	50.007	A005-R1-MD-SAT	13	1573.2
A005-MA	50.008	A005-R1-MD-SAT-REV	1	7.32
A005-MA	50.008	A005-R1-MD-SAT-REV	2	14.16
A005-MA	50.008	A005-R1-MD-SAT-REV	3	21.0
A005-MA	50.008	A005-R1-MD-SAT-REV	4	27.84
A005-MA	50.008	A005-R1-MD-SAT-REV	5	34.68
A005-MA	50.008	A005-R1-MD-SAT-REV	6	41.52
A005-MA	50.008	A005-R1-MD-SAT-REV	7	48.36
A005-MA	50.008	A005-R1-MD-SAT-REV	8	55.2
A005-MA	50.008	A005-R1-MD-SAT-REV	9	62.16
A005-MA	50.008	A005-R1-MD-SAT-REV	10	69.12
A005-MA	50.008	A005-R1-MD-SAT-REV	11	76.08
A005-MA	50.008	A005-R1-MD-SAT-REV	12	83.04
A005-MA	50.008	A005-R1-MD-SAT-REV	13	90.0
A005-MA	50.009	A005-R1-MD-BAKE	1	122.04
A005-MA	50.009	A005-R1-MD-BAKE	2	123.12
A005-MA	50.009	A005-R1-MD-BAKE	3	124.2
A005-MA	50.009	A005-R1-MD-BAKE	4	125.28
A005-MA	50.009	A005-R1-MD-BAKE	5	126.36
A005-MA	50.009	A005-R1-MD-BAKE	6	127.44
A005-MA	50.009	A005-R1-MD-BAKE	7	128.52
A005-MA	50.009	A005-R1-MD-BAKE	8	129.6
A005-MA	50.009	A005-R1-MD-BAKE	9	130.56
A005-MA	50.009	A005-R1-MD-BAKE	10	131.52
A005-MA	50.009	A005-R1-MD-BAKE	11	132.48
A005-MA	50.009	A005-R1-MD-BAKE	12	133.44
A005-MA	50.009	A005-R1-MD-BAKE	13	134.4
A005-MA	50.010	A005-R1-MD-WARP-MEAS	1	6.12
A005-MA	50.010	A005-R1-MD-WARP-MEAS	2	10.56
A005-MA	50.010	A005-R1-MD-WARP-MEAS	3	15.0
A005-MA	50.010	A005-R1-MD-WARP-MEAS	4	19.44
A005-MA	50.010	A005-R1-MD-WARP-MEAS	5	23.88
A005-MA	50.010	A005-R1-MD-WARP-MEAS	6	28.32
A005-MA	50.010	A005-R1-MD-WARP-MEAS	7	32.76
A005-MA	50.010	A005-R1-MD-WARP-MEAS	8	37.2
A005-MA	50.010	A005-R1-MD-WARP-MEAS	9	41.64
A005-MA	50.010	A005-R1-MD-WARP-MEAS	10	46.08
A005-MA	50.010	A005-R1-MD-WARP-MEAS	11	50.52
A005-MA	50.010	A005-R1-MD-WARP-MEAS	12	54.96
A005-MA	50.010	A005-R1-MD-WARP-MEAS	13	59.4
A005-MA	60.001	A005-R1-BG2-PRE-INSP	1	1.92
A005-MA	60.001	A005-R1-BG2-PRE-INSP	2	2.76
A005-MA	60.001	A005-R1-BG2-PRE-INSP	3	3.6
A005-MA	60.001	A005-R1-BG2-PRE-INSP	4	4.44
A005-MA	60.001	A005-R1-BG2-PRE-INSP	5	5.28
A005-MA	60.001	A005-R1-BG2-PRE-INSP	6	6.12
A005-MA	60.001	A005-R1-BG2-PRE-INSP	7	6.96
A005-MA	60.001	A005-R1-BG2-PRE-INSP	8	7.8
A005-MA	60.001	A005-R1-BG2-PRE-INSP	9	8.64
A005-MA	60.001	A005-R1-BG2-PRE-INSP	10	9.48
A005-MA	60.001	A005-R1-BG2-PRE-INSP	11	10.32
A005-MA	60.001	A005-R1-BG2-PRE-INSP	12	11.16
A005-MA	60.001	A005-R1-BG2-PRE-INSP	13	12.0
A005-MA	60.002	A005-R1-BG2-PRE-INSP-REV	1	21.6
A005-MA	60.002	A005-R1-BG2-PRE-INSP-REV	2	43.2
A005-MA	60.002	A005-R1-BG2-PRE-INSP-REV	3	64.8
A005-MA	60.002	A005-R1-BG2-PRE-INSP-REV	4	86.4
A005-MA	60.002	A005-R1-BG2-PRE-INSP-REV	5	108.0
A005-MA	60.002	A005-R1-BG2-PRE-INSP-REV	6	129.6
A005-MA	60.002	A005-R1-BG2-PRE-INSP-REV	7	151.2
A005-MA	60.002	A005-R1-BG2-PRE-INSP-REV	8	172.8
A005-MA	60.002	A005-R1-BG2-PRE-INSP-REV	9	194.28
A005-MA	60.002	A005-R1-BG2-PRE-INSP-REV	10	215.76
A005-MA	60.002	A005-R1-BG2-PRE-INSP-REV	11	237.24
A005-MA	60.002	A005-R1-BG2-PRE-INSP-REV	12	258.72
A005-MA	60.002	A005-R1-BG2-PRE-INSP-REV	13	280.2
A005-MA	60.003	A005-R1-BG2-SORT	1	1.92
A005-MA	60.003	A005-R1-BG2-SORT	2	2.76
A005-MA	60.003	A005-R1-BG2-SORT	3	3.6
A005-MA	60.003	A005-R1-BG2-SORT	4	4.44
A005-MA	60.003	A005-R1-BG2-SORT	5	5.28
A005-MA	60.003	A005-R1-BG2-SORT	6	6.12
A005-MA	60.003	A005-R1-BG2-SORT	7	6.96
A005-MA	60.003	A005-R1-BG2-SORT	8	7.8
A005-MA	60.003	A005-R1-BG2-SORT	9	8.64
A005-MA	60.003	A005-R1-BG2-SORT	10	9.48
A005-MA	60.003	A005-R1-BG2-SORT	11	10.32
A005-MA	60.003	A005-R1-BG2-SORT	12	11.16
A005-MA	60.003	A005-R1-BG2-SORT	13	12.0
A005-MA	60.004	A005-R1-BG2-GRINDING	1	21.96
A005-MA	60.004	A005-R1-BG2-GRINDING	2	32.88
A005-MA	60.004	A005-R1-BG2-GRINDING	3	43.8
A005-MA	60.004	A005-R1-BG2-GRINDING	4	54.72
A005-MA	60.004	A005-R1-BG2-GRINDING	5	65.64
A005-MA	60.004	A005-R1-BG2-GRINDING	6	76.56
A005-MA	60.004	A005-R1-BG2-GRINDING	7	87.48
A005-MA	60.004	A005-R1-BG2-GRINDING	8	98.4
A005-MA	60.004	A005-R1-BG2-GRINDING	9	109.44
A005-MA	60.004	A005-R1-BG2-GRINDING	10	120.48
A005-MA	60.004	A005-R1-BG2-GRINDING	11	131.52
A005-MA	60.004	A005-R1-BG2-GRINDING	12	142.56
A005-MA	60.004	A005-R1-BG2-GRINDING	13	153.6
A005-MA	60.005	A005-R1-BG2-SORT-02	1	2.52
A005-MA	60.005	A005-R1-BG2-SORT-02	2	3.36
A005-MA	60.005	A005-R1-BG2-SORT-02	3	4.2
A005-MA	60.005	A005-R1-BG2-SORT-02	4	5.04
A005-MA	60.005	A005-R1-BG2-SORT-02	5	5.88
A005-MA	60.005	A005-R1-BG2-SORT-02	6	6.72
A005-MA	60.005	A005-R1-BG2-SORT-02	7	7.56
A005-MA	60.005	A005-R1-BG2-SORT-02	8	8.4
A005-MA	60.005	A005-R1-BG2-SORT-02	9	9.36
A005-MA	60.005	A005-R1-BG2-SORT-02	10	10.32
A005-MA	60.005	A005-R1-BG2-SORT-02	11	11.28
A005-MA	60.005	A005-R1-BG2-SORT-02	12	12.24
A005-MA	60.005	A005-R1-BG2-SORT-02	13	13.2
A005-MA	60.006	A005-R1-BG2-GRINDING-02	1	24.72
A005-MA	60.006	A005-R1-BG2-GRINDING-02	2	35.16
A005-MA	60.006	A005-R1-BG2-GRINDING-02	3	45.6
A005-MA	60.006	A005-R1-BG2-GRINDING-02	4	56.04
A005-MA	60.006	A005-R1-BG2-GRINDING-02	5	66.48
A005-MA	60.006	A005-R1-BG2-GRINDING-02	6	76.92
A005-MA	60.006	A005-R1-BG2-GRINDING-02	7	87.36
A005-MA	60.006	A005-R1-BG2-GRINDING-02	8	97.8
A005-MA	60.006	A005-R1-BG2-GRINDING-02	9	108.24
A005-MA	60.006	A005-R1-BG2-GRINDING-02	10	118.68
A005-MA	60.006	A005-R1-BG2-GRINDING-02	11	129.12
A005-MA	60.006	A005-R1-BG2-GRINDING-02	12	139.56
A005-MA	60.006	A005-R1-BG2-GRINDING-02	13	150.0
A005-MA	60.007	A005-R1-BG2-INSP1	1	2.16
A005-MA	60.007	A005-R1-BG2-INSP1	2	2.88
A005-MA	60.007	A005-R1-BG2-INSP1	3	3.6
A005-MA	60.007	A005-R1-BG2-INSP1	4	4.32
A005-MA	60.007	A005-R1-BG2-INSP1	5	5.04
A005-MA	60.007	A005-R1-BG2-INSP1	6	5.76
A005-MA	60.007	A005-R1-BG2-INSP1	7	6.48
A005-MA	60.007	A005-R1-BG2-INSP1	8	7.2
A005-MA	60.007	A005-R1-BG2-INSP1	9	8.04
A005-MA	60.007	A005-R1-BG2-INSP1	10	8.88
A005-MA	60.007	A005-R1-BG2-INSP1	11	9.72
A005-MA	60.007	A005-R1-BG2-INSP1	12	10.56
A005-MA	60.007	A005-R1-BG2-INSP1	13	11.4
A005-MA	60.008	A005-R1-BG2-INSP1-REV	1	4.56
A005-MA	60.008	A005-R1-BG2-INSP1-REV	2	4.68
A005-MA	60.008	A005-R1-BG2-INSP1-REV	3	4.8
A005-MA	60.008	A005-R1-BG2-INSP1-REV	4	4.92
A005-MA	60.008	A005-R1-BG2-INSP1-REV	5	5.04
A005-MA	60.008	A005-R1-BG2-INSP1-REV	6	5.16
A005-MA	60.008	A005-R1-BG2-INSP1-REV	7	5.28
A005-MA	60.008	A005-R1-BG2-INSP1-REV	8	5.4
A005-MA	60.008	A005-R1-BG2-INSP1-REV	9	5.64
A005-MA	60.008	A005-R1-BG2-INSP1-REV	10	5.88
A005-MA	60.008	A005-R1-BG2-INSP1-REV	11	6.12
A005-MA	60.008	A005-R1-BG2-INSP1-REV	12	6.36
A005-MA	60.008	A005-R1-BG2-INSP1-REV	13	6.6
A005-MA	60.009	A005-R1-BG2-THK-MEAS	1	7.08
A005-MA	60.009	A005-R1-BG2-THK-MEAS	2	9.84
A005-MA	60.009	A005-R1-BG2-THK-MEAS	3	12.6
A005-MA	60.009	A005-R1-BG2-THK-MEAS	4	15.36
A005-MA	60.009	A005-R1-BG2-THK-MEAS	5	18.12
A005-MA	60.009	A005-R1-BG2-THK-MEAS	6	20.88
A005-MA	60.009	A005-R1-BG2-THK-MEAS	7	23.64
A005-MA	60.009	A005-R1-BG2-THK-MEAS	8	26.4
A005-MA	60.009	A005-R1-BG2-THK-MEAS	9	29.04
A005-MA	60.009	A005-R1-BG2-THK-MEAS	10	31.68
A005-MA	60.009	A005-R1-BG2-THK-MEAS	11	34.32
A005-MA	60.009	A005-R1-BG2-THK-MEAS	12	36.96
A005-MA	60.009	A005-R1-BG2-THK-MEAS	13	39.6
A005-MA	60.010	A005-R1-BG2-WARP-MEAS	1	5.4
A005-MA	60.010	A005-R1-BG2-WARP-MEAS	2	7.8
A005-MA	60.010	A005-R1-BG2-WARP-MEAS	3	10.2
A005-MA	60.010	A005-R1-BG2-WARP-MEAS	4	12.6
A005-MA	60.010	A005-R1-BG2-WARP-MEAS	5	15.0
A005-MA	60.010	A005-R1-BG2-WARP-MEAS	6	17.4
A005-MA	60.010	A005-R1-BG2-WARP-MEAS	7	19.8
A005-MA	60.010	A005-R1-BG2-WARP-MEAS	8	22.2
A005-MA	60.010	A005-R1-BG2-WARP-MEAS	9	24.72
A005-MA	60.010	A005-R1-BG2-WARP-MEAS	10	27.24
A005-MA	60.010	A005-R1-BG2-WARP-MEAS	11	29.76
A005-MA	60.010	A005-R1-BG2-WARP-MEAS	12	32.28
A005-MA	60.010	A005-R1-BG2-WARP-MEAS	13	34.8
A005-MA	60.011	A005-R1-BG2-TOPTHK-MEAS	1	9.24
A005-MA	60.011	A005-R1-BG2-TOPTHK-MEAS	2	9.72
A005-MA	60.011	A005-R1-BG2-TOPTHK-MEAS	3	10.2
A005-MA	60.011	A005-R1-BG2-TOPTHK-MEAS	4	10.68
A005-MA	60.011	A005-R1-BG2-TOPTHK-MEAS	5	11.16
A005-MA	60.011	A005-R1-BG2-TOPTHK-MEAS	6	11.64
A005-MA	60.011	A005-R1-BG2-TOPTHK-MEAS	7	12.12
A005-MA	60.011	A005-R1-BG2-TOPTHK-MEAS	8	12.6
A005-MA	60.011	A005-R1-BG2-TOPTHK-MEAS	9	13.2
A005-MA	60.011	A005-R1-BG2-TOPTHK-MEAS	10	13.8
A005-MA	60.011	A005-R1-BG2-TOPTHK-MEAS	11	14.4
A005-MA	60.011	A005-R1-BG2-TOPTHK-MEAS	12	15.0
A005-MA	60.011	A005-R1-BG2-TOPTHK-MEAS	13	15.6
A005-MA	60.012	A005-R1-BG2-GAP-MEAS	1	17.28
A005-MA	60.012	A005-R1-BG2-GAP-MEAS	2	18.84
A005-MA	60.012	A005-R1-BG2-GAP-MEAS	3	20.4
A005-MA	60.012	A005-R1-BG2-GAP-MEAS	4	21.96
A005-MA	60.012	A005-R1-BG2-GAP-MEAS	5	23.52
A005-MA	60.012	A005-R1-BG2-GAP-MEAS	6	25.08
A005-MA	60.012	A005-R1-BG2-GAP-MEAS	7	26.64
A005-MA	60.012	A005-R1-BG2-GAP-MEAS	8	28.2
A005-MA	60.012	A005-R1-BG2-GAP-MEAS	9	29.76
A005-MA	60.012	A005-R1-BG2-GAP-MEAS	10	31.32
A005-MA	60.012	A005-R1-BG2-GAP-MEAS	11	32.88
A005-MA	60.012	A005-R1-BG2-GAP-MEAS	12	34.44
A005-MA	60.012	A005-R1-BG2-GAP-MEAS	13	36.0
A005-MA	60.013	A005-R1-BG2-UNIT-MARKING	1	4.68
A005-MA	60.013	A005-R1-BG2-UNIT-MARKING	2	8.04
A005-MA	60.013	A005-R1-BG2-UNIT-MARKING	3	11.4
A005-MA	60.013	A005-R1-BG2-UNIT-MARKING	4	14.76
A005-MA	60.013	A005-R1-BG2-UNIT-MARKING	5	18.12
A005-MA	60.013	A005-R1-BG2-UNIT-MARKING	6	21.48
A005-MA	60.013	A005-R1-BG2-UNIT-MARKING	7	24.84
A005-MA	60.013	A005-R1-BG2-UNIT-MARKING	8	28.2
A005-MA	60.013	A005-R1-BG2-UNIT-MARKING	9	31.56
A005-MA	60.013	A005-R1-BG2-UNIT-MARKING	10	34.92
A005-MA	60.013	A005-R1-BG2-UNIT-MARKING	11	38.28
A005-MA	60.013	A005-R1-BG2-UNIT-MARKING	12	41.64
A005-MA	60.013	A005-R1-BG2-UNIT-MARKING	13	45.0
A005-MA	60.014	A005-R1-BG2-DEPTH-SHIFT-MEAS	1	43.8
A005-MA	60.014	A005-R1-BG2-DEPTH-SHIFT-MEAS	2	55.2
A005-MA	60.014	A005-R1-BG2-DEPTH-SHIFT-MEAS	3	66.6
A005-MA	60.014	A005-R1-BG2-DEPTH-SHIFT-MEAS	4	78.0
A005-MA	60.014	A005-R1-BG2-DEPTH-SHIFT-MEAS	5	89.4
A005-MA	60.014	A005-R1-BG2-DEPTH-SHIFT-MEAS	6	100.8
A005-MA	60.014	A005-R1-BG2-DEPTH-SHIFT-MEAS	7	112.2
A005-MA	60.014	A005-R1-BG2-DEPTH-SHIFT-MEAS	8	123.6
A005-MA	60.014	A005-R1-BG2-DEPTH-SHIFT-MEAS	9	135.0
A005-MA	60.014	A005-R1-BG2-DEPTH-SHIFT-MEAS	10	146.4
A005-MA	60.014	A005-R1-BG2-DEPTH-SHIFT-MEAS	11	157.8
A005-MA	60.014	A005-R1-BG2-DEPTH-SHIFT-MEAS	12	169.2
A005-MA	60.014	A005-R1-BG2-DEPTH-SHIFT-MEAS	13	180.6
A005-MA	60.015	A005-RA-BG2-2D-SCAN	1	6.0
A005-MA	60.015	A005-RA-BG2-2D-SCAN	2	12.0
A005-MA	60.015	A005-RA-BG2-2D-SCAN	3	18.0
A005-MA	60.015	A005-RA-BG2-2D-SCAN	4	24.0
A005-MA	60.015	A005-RA-BG2-2D-SCAN	5	30.0
A005-MA	60.015	A005-RA-BG2-2D-SCAN	6	36.0
A005-MA	60.015	A005-RA-BG2-2D-SCAN	7	42.0
A005-MA	60.015	A005-RA-BG2-2D-SCAN	8	48.0
A005-MA	60.015	A005-RA-BG2-2D-SCAN	9	54.0
A005-MA	60.015	A005-RA-BG2-2D-SCAN	10	60.0
A005-MA	60.015	A005-RA-BG2-2D-SCAN	11	66.0
A005-MA	60.015	A005-RA-BG2-2D-SCAN	12	72.0
A005-MA	60.015	A005-RA-BG2-2D-SCAN	13	78.0
A005-MA	60.016	A005-R1-BG2-DATA-REVIEW	1	17.4
A005-MA	60.016	A005-R1-BG2-DATA-REVIEW	2	17.4
A005-MA	60.016	A005-R1-BG2-DATA-REVIEW	3	17.4
A005-MA	60.016	A005-R1-BG2-DATA-REVIEW	4	17.4
A005-MA	60.016	A005-R1-BG2-DATA-REVIEW	5	17.4
A005-MA	60.016	A005-R1-BG2-DATA-REVIEW	6	17.4
A005-MA	60.016	A005-R1-BG2-DATA-REVIEW	7	17.4
A005-MA	60.016	A005-R1-BG2-DATA-REVIEW	8	17.4
A005-MA	60.016	A005-R1-BG2-DATA-REVIEW	9	17.4
A005-MA	60.016	A005-R1-BG2-DATA-REVIEW	10	17.4
A005-MA	60.016	A005-R1-BG2-DATA-REVIEW	11	17.4
A005-MA	60.016	A005-R1-BG2-DATA-REVIEW	12	17.4
A005-MA	60.016	A005-R1-BG2-DATA-REVIEW	13	17.4
A005-MA	60.017	A005-R1-BG2-INSP2	1	2.16
A005-MA	60.017	A005-R1-BG2-INSP2	2	3.48
A005-MA	60.017	A005-R1-BG2-INSP2	3	4.8
A005-MA	60.017	A005-R1-BG2-INSP2	4	6.12
A005-MA	60.017	A005-R1-BG2-INSP2	5	7.44
A005-MA	60.017	A005-R1-BG2-INSP2	6	8.76
A005-MA	60.017	A005-R1-BG2-INSP2	7	10.08
A005-MA	60.017	A005-R1-BG2-INSP2	8	11.4
A005-MA	60.017	A005-R1-BG2-INSP2	9	12.72
A005-MA	60.017	A005-R1-BG2-INSP2	10	14.04
A005-MA	60.017	A005-R1-BG2-INSP2	11	15.36
A005-MA	60.017	A005-R1-BG2-INSP2	12	16.68
A005-MA	60.017	A005-R1-BG2-INSP2	13	18.0
A005-MA	60.018	A005-R1-BG2-INSP2-REV	1	4.2
A005-MA	60.018	A005-R1-BG2-INSP2-REV	2	4.2
A005-MA	60.018	A005-R1-BG2-INSP2-REV	3	4.2
A005-MA	60.018	A005-R1-BG2-INSP2-REV	4	4.2
A005-MA	60.018	A005-R1-BG2-INSP2-REV	5	4.2
A005-MA	60.018	A005-R1-BG2-INSP2-REV	6	4.2
A005-MA	60.018	A005-R1-BG2-INSP2-REV	7	4.2
A005-MA	60.018	A005-R1-BG2-INSP2-REV	8	4.2
A005-MA	60.018	A005-R1-BG2-INSP2-REV	9	4.2
A005-MA	60.018	A005-R1-BG2-INSP2-REV	10	4.2
A005-MA	60.018	A005-R1-BG2-INSP2-REV	11	4.2
A005-MA	60.018	A005-R1-BG2-INSP2-REV	12	4.2
A005-MA	60.018	A005-R1-BG2-INSP2-REV	13	4.2
A005-MA	70.001	A005-R1-TRIM2-TRIMMING	1	30.6
A005-MA	70.001	A005-R1-TRIM2-TRIMMING	2	57.0
A005-MA	70.001	A005-R1-TRIM2-TRIMMING	3	83.4
A005-MA	70.001	A005-R1-TRIM2-TRIMMING	4	109.8
A005-MA	70.001	A005-R1-TRIM2-TRIMMING	5	136.2
A005-MA	70.001	A005-R1-TRIM2-TRIMMING	6	162.6
A005-MA	70.001	A005-R1-TRIM2-TRIMMING	7	189.0
A005-MA	70.001	A005-R1-TRIM2-TRIMMING	8	215.4
A005-MA	70.001	A005-R1-TRIM2-TRIMMING	9	241.68
A005-MA	70.001	A005-R1-TRIM2-TRIMMING	10	267.96
A005-MA	70.001	A005-R1-TRIM2-TRIMMING	11	294.24
A005-MA	70.001	A005-R1-TRIM2-TRIMMING	12	320.52
A005-MA	70.001	A005-R1-TRIM2-TRIMMING	13	346.8
A005-MA	70.002	A005-R1-TRIM2-CHIPPING-INSP	1	1.44
A005-MA	70.002	A005-R1-TRIM2-CHIPPING-INSP	2	1.92
A005-MA	70.002	A005-R1-TRIM2-CHIPPING-INSP	3	2.4
A005-MA	70.002	A005-R1-TRIM2-CHIPPING-INSP	4	2.88
A005-MA	70.002	A005-R1-TRIM2-CHIPPING-INSP	5	3.36
A005-MA	70.002	A005-R1-TRIM2-CHIPPING-INSP	6	3.84
A005-MA	70.002	A005-R1-TRIM2-CHIPPING-INSP	7	4.32
A005-MA	70.002	A005-R1-TRIM2-CHIPPING-INSP	8	4.8
A005-MA	70.002	A005-R1-TRIM2-CHIPPING-INSP	9	5.28
A005-MA	70.002	A005-R1-TRIM2-CHIPPING-INSP	10	5.76
A005-MA	70.002	A005-R1-TRIM2-CHIPPING-INSP	11	6.24
A005-MA	70.002	A005-R1-TRIM2-CHIPPING-INSP	12	6.72
A005-MA	70.002	A005-R1-TRIM2-CHIPPING-INSP	13	7.2
A005-MA	70.003	A005-R1-TRIM2-CHIPPING-INSP-REV	1	6.6
A005-MA	70.003	A005-R1-TRIM2-CHIPPING-INSP-REV	2	6.6
A005-MA	70.003	A005-R1-TRIM2-CHIPPING-INSP-REV	3	6.6
A005-MA	70.003	A005-R1-TRIM2-CHIPPING-INSP-REV	4	6.6
A005-MA	70.003	A005-R1-TRIM2-CHIPPING-INSP-REV	5	6.6
A005-MA	70.003	A005-R1-TRIM2-CHIPPING-INSP-REV	6	6.6
A005-MA	70.003	A005-R1-TRIM2-CHIPPING-INSP-REV	7	6.6
A005-MA	70.003	A005-R1-TRIM2-CHIPPING-INSP-REV	8	6.6
A005-MA	70.003	A005-R1-TRIM2-CHIPPING-INSP-REV	9	6.6
A005-MA	70.003	A005-R1-TRIM2-CHIPPING-INSP-REV	10	6.6
A005-MA	70.003	A005-R1-TRIM2-CHIPPING-INSP-REV	11	6.6
A005-MA	70.003	A005-R1-TRIM2-CHIPPING-INSP-REV	12	6.6
A005-MA	70.003	A005-R1-TRIM2-CHIPPING-INSP-REV	13	6.6
A005-MA	70.004	A005-R1-TRIM2-WIDTH-DEPTH-MEAS1	1	2.04
A005-MA	70.004	A005-R1-TRIM2-WIDTH-DEPTH-MEAS1	2	3.72
A005-MA	70.004	A005-R1-TRIM2-WIDTH-DEPTH-MEAS1	3	5.4
A005-MA	70.004	A005-R1-TRIM2-WIDTH-DEPTH-MEAS1	4	7.08
A005-MA	70.004	A005-R1-TRIM2-WIDTH-DEPTH-MEAS1	5	8.76
A005-MA	70.004	A005-R1-TRIM2-WIDTH-DEPTH-MEAS1	6	10.44
A005-MA	70.004	A005-R1-TRIM2-WIDTH-DEPTH-MEAS1	7	12.12
A005-MA	70.004	A005-R1-TRIM2-WIDTH-DEPTH-MEAS1	8	13.8
A005-MA	70.004	A005-R1-TRIM2-WIDTH-DEPTH-MEAS1	9	15.36
A005-MA	70.004	A005-R1-TRIM2-WIDTH-DEPTH-MEAS1	10	16.92
A005-MA	70.004	A005-R1-TRIM2-WIDTH-DEPTH-MEAS1	11	18.48
A005-MA	70.004	A005-R1-TRIM2-WIDTH-DEPTH-MEAS1	12	20.04
A005-MA	70.004	A005-R1-TRIM2-WIDTH-DEPTH-MEAS1	13	21.6
A005-MA	70.005	A005-R1-TRIM2-DIA-MEAS	1	7.8
A005-MA	70.005	A005-R1-TRIM2-DIA-MEAS	2	8.4
A005-MA	70.005	A005-R1-TRIM2-DIA-MEAS	3	9.0
A005-MA	70.005	A005-R1-TRIM2-DIA-MEAS	4	9.6
A005-MA	70.005	A005-R1-TRIM2-DIA-MEAS	5	10.2
A005-MA	70.005	A005-R1-TRIM2-DIA-MEAS	6	10.8
A005-MA	70.005	A005-R1-TRIM2-DIA-MEAS	7	11.4
A005-MA	70.005	A005-R1-TRIM2-DIA-MEAS	8	12.0
A005-MA	70.005	A005-R1-TRIM2-DIA-MEAS	9	12.72
A005-MA	70.005	A005-R1-TRIM2-DIA-MEAS	10	13.44
A005-MA	70.005	A005-R1-TRIM2-DIA-MEAS	11	14.16
A005-MA	70.005	A005-R1-TRIM2-DIA-MEAS	12	14.88
A005-MA	70.005	A005-R1-TRIM2-DIA-MEAS	13	15.6
A005-MA	70.006	A005-R1-TRIM2-NOTCH-CUTTING	1	10.44
A005-MA	70.006	A005-R1-TRIM2-NOTCH-CUTTING	2	15.12
A005-MA	70.006	A005-R1-TRIM2-NOTCH-CUTTING	3	19.8
A005-MA	70.006	A005-R1-TRIM2-NOTCH-CUTTING	4	24.48
A005-MA	70.006	A005-R1-TRIM2-NOTCH-CUTTING	5	29.16
A005-MA	70.006	A005-R1-TRIM2-NOTCH-CUTTING	6	33.84
A005-MA	70.006	A005-R1-TRIM2-NOTCH-CUTTING	7	38.52
A005-MA	70.006	A005-R1-TRIM2-NOTCH-CUTTING	8	43.2
A005-MA	70.006	A005-R1-TRIM2-NOTCH-CUTTING	9	47.88
A005-MA	70.006	A005-R1-TRIM2-NOTCH-CUTTING	10	52.56
A005-MA	70.006	A005-R1-TRIM2-NOTCH-CUTTING	11	57.24
A005-MA	70.006	A005-R1-TRIM2-NOTCH-CUTTING	12	61.92
A005-MA	70.006	A005-R1-TRIM2-NOTCH-CUTTING	13	66.6
A005-MA	70.007	A005-R1-TRIM2-WIDTH-DEPTH-MEAS2	1	6.6
A005-MA	70.007	A005-R1-TRIM2-WIDTH-DEPTH-MEAS2	2	12.0
A005-MA	70.007	A005-R1-TRIM2-WIDTH-DEPTH-MEAS2	3	17.4
A005-MA	70.007	A005-R1-TRIM2-WIDTH-DEPTH-MEAS2	4	22.8
A005-MA	70.007	A005-R1-TRIM2-WIDTH-DEPTH-MEAS2	5	28.2
A005-MA	70.007	A005-R1-TRIM2-WIDTH-DEPTH-MEAS2	6	33.6
A005-MA	70.007	A005-R1-TRIM2-WIDTH-DEPTH-MEAS2	7	39.0
A005-MA	70.007	A005-R1-TRIM2-WIDTH-DEPTH-MEAS2	8	44.4
A005-MA	70.007	A005-R1-TRIM2-WIDTH-DEPTH-MEAS2	9	49.8
A005-MA	70.007	A005-R1-TRIM2-WIDTH-DEPTH-MEAS2	10	55.2
A005-MA	70.007	A005-R1-TRIM2-WIDTH-DEPTH-MEAS2	11	60.6
A005-MA	70.007	A005-R1-TRIM2-WIDTH-DEPTH-MEAS2	12	66.0
A005-MA	70.007	A005-R1-TRIM2-WIDTH-DEPTH-MEAS2	13	71.4
A005-MA	70.008	A005-R1-TRIM2-INSP	1	1.68
A005-MA	70.008	A005-R1-TRIM2-INSP	2	2.04
A005-MA	70.008	A005-R1-TRIM2-INSP	3	2.4
A005-MA	70.008	A005-R1-TRIM2-INSP	4	2.76
A005-MA	70.008	A005-R1-TRIM2-INSP	5	3.12
A005-MA	70.008	A005-R1-TRIM2-INSP	6	3.48
A005-MA	70.008	A005-R1-TRIM2-INSP	7	3.84
A005-MA	70.008	A005-R1-TRIM2-INSP	8	4.2
A005-MA	70.008	A005-R1-TRIM2-INSP	9	4.56
A005-MA	70.008	A005-R1-TRIM2-INSP	10	4.92
A005-MA	70.008	A005-R1-TRIM2-INSP	11	5.28
A005-MA	70.008	A005-R1-TRIM2-INSP	12	5.64
A005-MA	70.008	A005-R1-TRIM2-INSP	13	6.0
A005-MA	70.009	A005-R1-TRIM2-INSP-REV	1	4.2
A005-MA	70.009	A005-R1-TRIM2-INSP-REV	2	4.2
A005-MA	70.009	A005-R1-TRIM2-INSP-REV	3	4.2
A005-MA	70.009	A005-R1-TRIM2-INSP-REV	4	4.2
A005-MA	70.009	A005-R1-TRIM2-INSP-REV	5	4.2
A005-MA	70.009	A005-R1-TRIM2-INSP-REV	6	4.2
A005-MA	70.009	A005-R1-TRIM2-INSP-REV	7	4.2
A005-MA	70.009	A005-R1-TRIM2-INSP-REV	8	4.2
A005-MA	70.009	A005-R1-TRIM2-INSP-REV	9	4.2
A005-MA	70.009	A005-R1-TRIM2-INSP-REV	10	4.2
A005-MA	70.009	A005-R1-TRIM2-INSP-REV	11	4.2
A005-MA	70.009	A005-R1-TRIM2-INSP-REV	12	4.2
A005-MA	70.009	A005-R1-TRIM2-INSP-REV	13	4.2
A005-MA	80.001	A005-R1-DB2-SORT	1	1.92
A005-MA	80.001	A005-R1-DB2-SORT	2	2.76
A005-MA	80.001	A005-R1-DB2-SORT	3	3.6
A005-MA	80.001	A005-R1-DB2-SORT	4	4.44
A005-MA	80.001	A005-R1-DB2-SORT	5	5.28
A005-MA	80.001	A005-R1-DB2-SORT	6	6.12
A005-MA	80.001	A005-R1-DB2-SORT	7	6.96
A005-MA	80.001	A005-R1-DB2-SORT	8	7.8
A005-MA	80.001	A005-R1-DB2-SORT	9	8.64
A005-MA	80.001	A005-R1-DB2-SORT	10	9.48
A005-MA	80.001	A005-R1-DB2-SORT	11	10.32
A005-MA	80.001	A005-R1-DB2-SORT	12	11.16
A005-MA	80.001	A005-R1-DB2-SORT	13	12.0
A005-MA	80.002	A005-R1-DB2-DEBOND	1	22.8
A005-MA	80.002	A005-R1-DB2-DEBOND	2	31.8
A005-MA	80.002	A005-R1-DB2-DEBOND	3	40.8
A005-MA	80.002	A005-R1-DB2-DEBOND	4	49.8
A005-MA	80.002	A005-R1-DB2-DEBOND	5	58.8
A005-MA	80.002	A005-R1-DB2-DEBOND	6	67.8
A005-MA	80.002	A005-R1-DB2-DEBOND	7	76.8
A005-MA	80.002	A005-R1-DB2-DEBOND	8	85.8
A005-MA	80.002	A005-R1-DB2-DEBOND	9	94.8
A005-MA	80.002	A005-R1-DB2-DEBOND	10	103.8
A005-MA	80.002	A005-R1-DB2-DEBOND	11	112.8
A005-MA	80.002	A005-R1-DB2-DEBOND	12	121.8
A005-MA	80.002	A005-R1-DB2-DEBOND	13	130.8
A005-MA	80.003	A005-R1-DB2-DES	1	18.6
A005-MA	80.003	A005-R1-DB2-DES	2	18.6
A005-MA	80.003	A005-R1-DB2-DES	3	18.6
A005-MA	80.003	A005-R1-DB2-DES	4	18.6
A005-MA	80.003	A005-R1-DB2-DES	5	18.6
A005-MA	80.003	A005-R1-DB2-DES	6	18.6
A005-MA	80.003	A005-R1-DB2-DES	7	18.6
A005-MA	80.003	A005-R1-DB2-DES	8	18.6
A005-MA	80.003	A005-R1-DB2-DES	9	18.6
A005-MA	80.003	A005-R1-DB2-DES	10	18.6
A005-MA	80.003	A005-R1-DB2-DES	11	18.6
A005-MA	80.003	A005-R1-DB2-DES	12	18.6
A005-MA	80.003	A005-R1-DB2-DES	13	18.6
A005-MA	80.004	A005-R1-DB2-BUFFER-ETCH	1	12.84
A005-MA	80.004	A005-R1-DB2-BUFFER-ETCH	2	25.92
A005-MA	80.004	A005-R1-DB2-BUFFER-ETCH	3	39.0
A005-MA	80.004	A005-R1-DB2-BUFFER-ETCH	4	52.08
A005-MA	80.004	A005-R1-DB2-BUFFER-ETCH	5	65.16
A005-MA	80.004	A005-R1-DB2-BUFFER-ETCH	6	78.24
A005-MA	80.004	A005-R1-DB2-BUFFER-ETCH	7	91.32
A005-MA	80.004	A005-R1-DB2-BUFFER-ETCH	8	104.4
A005-MA	80.004	A005-R1-DB2-BUFFER-ETCH	9	117.48
A005-MA	80.004	A005-R1-DB2-BUFFER-ETCH	10	130.56
A005-MA	80.004	A005-R1-DB2-BUFFER-ETCH	11	143.64
A005-MA	80.004	A005-R1-DB2-BUFFER-ETCH	12	156.72
A005-MA	80.004	A005-R1-DB2-BUFFER-ETCH	13	169.8
A005-MA	80.005	A005-R1-DB2-INSP	1	2.76
A005-MA	80.005	A005-R1-DB2-INSP	2	3.48
A005-MA	80.005	A005-R1-DB2-INSP	3	4.2
A005-MA	80.005	A005-R1-DB2-INSP	4	4.92
A005-MA	80.005	A005-R1-DB2-INSP	5	5.64
A005-MA	80.005	A005-R1-DB2-INSP	6	6.36
A005-MA	80.005	A005-R1-DB2-INSP	7	7.08
A005-MA	80.005	A005-R1-DB2-INSP	8	7.8
A005-MA	80.005	A005-R1-DB2-INSP	9	8.64
A005-MA	80.005	A005-R1-DB2-INSP	10	9.48
A005-MA	80.005	A005-R1-DB2-INSP	11	10.32
A005-MA	80.005	A005-R1-DB2-INSP	12	11.16
A005-MA	80.005	A005-R1-DB2-INSP	13	12.0
A005-MA	80.006	A005-R1-DB2-INSP-REV	1	10.68
A005-MA	80.006	A005-R1-DB2-INSP-REV	2	21.24
A005-MA	80.006	A005-R1-DB2-INSP-REV	3	31.8
A005-MA	80.006	A005-R1-DB2-INSP-REV	4	42.36
A005-MA	80.006	A005-R1-DB2-INSP-REV	5	52.92
A005-MA	80.006	A005-R1-DB2-INSP-REV	6	63.48
A005-MA	80.006	A005-R1-DB2-INSP-REV	7	74.04
A005-MA	80.006	A005-R1-DB2-INSP-REV	8	84.6
A005-MA	80.006	A005-R1-DB2-INSP-REV	9	95.04
A005-MA	80.006	A005-R1-DB2-INSP-REV	10	105.48
A005-MA	80.006	A005-R1-DB2-INSP-REV	11	115.92
A005-MA	80.006	A005-R1-DB2-INSP-REV	12	126.36
A005-MA	80.006	A005-R1-DB2-INSP-REV	13	136.8
A005-MA	80.007	A005-R1-DB2-CLEAN	1	35.76
A005-MA	80.007	A005-R1-DB2-CLEAN	2	63.48
A005-MA	80.007	A005-R1-DB2-CLEAN	3	91.2
A005-MA	80.007	A005-R1-DB2-CLEAN	4	118.92
A005-MA	80.007	A005-R1-DB2-CLEAN	5	146.64
A005-MA	80.007	A005-R1-DB2-CLEAN	6	174.36
A005-MA	80.007	A005-R1-DB2-CLEAN	7	202.08
A005-MA	80.007	A005-R1-DB2-CLEAN	8	229.8
A005-MA	80.007	A005-R1-DB2-CLEAN	9	257.4
A005-MA	80.007	A005-R1-DB2-CLEAN	10	285.0
A005-MA	80.007	A005-R1-DB2-CLEAN	11	312.6
A005-MA	80.007	A005-R1-DB2-CLEAN	12	340.2
A005-MA	80.007	A005-R1-DB2-CLEAN	13	367.8
A005-MA	80.008	A005-R1-DB2-OMINSP	1	4.08
A005-MA	80.008	A005-R1-DB2-OMINSP	2	5.04
A005-MA	80.008	A005-R1-DB2-OMINSP	3	6.0
A005-MA	80.008	A005-R1-DB2-OMINSP	4	6.96
A005-MA	80.008	A005-R1-DB2-OMINSP	5	7.92
A005-MA	80.008	A005-R1-DB2-OMINSP	6	8.88
A005-MA	80.008	A005-R1-DB2-OMINSP	7	9.84
A005-MA	80.008	A005-R1-DB2-OMINSP	8	10.8
A005-MA	80.008	A005-R1-DB2-OMINSP	9	11.88
A005-MA	80.008	A005-R1-DB2-OMINSP	10	12.96
A005-MA	80.008	A005-R1-DB2-OMINSP	11	14.04
A005-MA	80.008	A005-R1-DB2-OMINSP	12	15.12
A005-MA	80.008	A005-R1-DB2-OMINSP	13	16.2
A005-MA	80.009	A005-R1-DB2-OMINSP-REV	1	1.32
A005-MA	80.009	A005-R1-DB2-OMINSP-REV	2	2.16
A005-MA	80.009	A005-R1-DB2-OMINSP-REV	3	3.0
A005-MA	80.009	A005-R1-DB2-OMINSP-REV	4	3.84
A005-MA	80.009	A005-R1-DB2-OMINSP-REV	5	4.68
A005-MA	80.009	A005-R1-DB2-OMINSP-REV	6	5.52
A005-MA	80.009	A005-R1-DB2-OMINSP-REV	7	6.36
A005-MA	80.009	A005-R1-DB2-OMINSP-REV	8	7.2
A005-MA	80.009	A005-R1-DB2-OMINSP-REV	9	8.04
A005-MA	80.009	A005-R1-DB2-OMINSP-REV	10	8.88
A005-MA	80.009	A005-R1-DB2-OMINSP-REV	11	9.72
A005-MA	80.009	A005-R1-DB2-OMINSP-REV	12	10.56
A005-MA	80.009	A005-R1-DB2-OMINSP-REV	13	11.4
A005-MA	80.010	A005-R1-DB2-WPGMEAS	1	4.8
A005-MA	80.010	A005-R1-DB2-WPGMEAS	2	8.4
A005-MA	80.010	A005-R1-DB2-WPGMEAS	3	12.0
A005-MA	80.010	A005-R1-DB2-WPGMEAS	4	15.6
A005-MA	80.010	A005-R1-DB2-WPGMEAS	5	19.2
A005-MA	80.010	A005-R1-DB2-WPGMEAS	6	22.8
A005-MA	80.010	A005-R1-DB2-WPGMEAS	7	26.4
A005-MA	80.010	A005-R1-DB2-WPGMEAS	8	30.0
A005-MA	80.010	A005-R1-DB2-WPGMEAS	9	33.6
A005-MA	80.010	A005-R1-DB2-WPGMEAS	10	37.2
A005-MA	80.010	A005-R1-DB2-WPGMEAS	11	40.8
A005-MA	80.010	A005-R1-DB2-WPGMEAS	12	44.4
A005-MA	80.010	A005-R1-DB2-WPGMEAS	13	48.0
A005-MA	80.011	A005-R1-TRIM3-TRIMING	1	19.92
A005-MA	80.011	A005-R1-TRIM3-TRIMING	2	29.16
A005-MA	80.011	A005-R1-TRIM3-TRIMING	3	38.4
A005-MA	80.011	A005-R1-TRIM3-TRIMING	4	47.64
A005-MA	80.011	A005-R1-TRIM3-TRIMING	5	56.88
A005-MA	80.011	A005-R1-TRIM3-TRIMING	6	66.12
A005-MA	80.011	A005-R1-TRIM3-TRIMING	7	75.36
A005-MA	80.011	A005-R1-TRIM3-TRIMING	8	84.6
A005-MA	80.011	A005-R1-TRIM3-TRIMING	9	93.96
A005-MA	80.011	A005-R1-TRIM3-TRIMING	10	103.32
A005-MA	80.011	A005-R1-TRIM3-TRIMING	11	112.68
A005-MA	80.011	A005-R1-TRIM3-TRIMING	12	122.04
A005-MA	80.011	A005-R1-TRIM3-TRIMING	13	131.4
A005-MA	80.012	A005-R1-TRIM3-WIDTH-DEPTH-MEAS	1	7.2
A005-MA	80.012	A005-R1-TRIM3-WIDTH-DEPTH-MEAS	2	12.6
A005-MA	80.012	A005-R1-TRIM3-WIDTH-DEPTH-MEAS	3	18.0
A005-MA	80.012	A005-R1-TRIM3-WIDTH-DEPTH-MEAS	4	23.4
A005-MA	80.012	A005-R1-TRIM3-WIDTH-DEPTH-MEAS	5	28.8
A005-MA	80.012	A005-R1-TRIM3-WIDTH-DEPTH-MEAS	6	34.2
A005-MA	80.012	A005-R1-TRIM3-WIDTH-DEPTH-MEAS	7	39.6
A005-MA	80.012	A005-R1-TRIM3-WIDTH-DEPTH-MEAS	8	45.0
A005-MA	80.012	A005-R1-TRIM3-WIDTH-DEPTH-MEAS	9	50.4
A005-MA	80.012	A005-R1-TRIM3-WIDTH-DEPTH-MEAS	10	55.8
A005-MA	80.012	A005-R1-TRIM3-WIDTH-DEPTH-MEAS	11	61.2
A005-MA	80.012	A005-R1-TRIM3-WIDTH-DEPTH-MEAS	12	66.6
A005-MA	80.012	A005-R1-TRIM3-WIDTH-DEPTH-MEAS	13	72.0
A005-MA	80.013	A005-R1-TRIM3-CHIPPING-INSP	1	1.56
A005-MA	80.013	A005-R1-TRIM3-CHIPPING-INSP	2	2.28
A005-MA	80.013	A005-R1-TRIM3-CHIPPING-INSP	3	3.0
A005-MA	80.013	A005-R1-TRIM3-CHIPPING-INSP	4	3.72
A005-MA	80.013	A005-R1-TRIM3-CHIPPING-INSP	5	4.44
A005-MA	80.013	A005-R1-TRIM3-CHIPPING-INSP	6	5.16
A005-MA	80.013	A005-R1-TRIM3-CHIPPING-INSP	7	5.88
A005-MA	80.013	A005-R1-TRIM3-CHIPPING-INSP	8	6.6
A005-MA	80.013	A005-R1-TRIM3-CHIPPING-INSP	9	7.44
A005-MA	80.013	A005-R1-TRIM3-CHIPPING-INSP	10	8.28
A005-MA	80.013	A005-R1-TRIM3-CHIPPING-INSP	11	9.12
A005-MA	80.013	A005-R1-TRIM3-CHIPPING-INSP	12	9.96
A005-MA	80.013	A005-R1-TRIM3-CHIPPING-INSP	13	10.8
A005-MA	80.014	A005-R1-TRIM3-CHIPPING-INSP-REV	1	3.6
A005-MA	80.014	A005-R1-TRIM3-CHIPPING-INSP-REV	2	3.6
A005-MA	80.014	A005-R1-TRIM3-CHIPPING-INSP-REV	3	3.6
A005-MA	80.014	A005-R1-TRIM3-CHIPPING-INSP-REV	4	3.6
A005-MA	80.014	A005-R1-TRIM3-CHIPPING-INSP-REV	5	3.6
A005-MA	80.014	A005-R1-TRIM3-CHIPPING-INSP-REV	6	3.6
A005-MA	80.014	A005-R1-TRIM3-CHIPPING-INSP-REV	7	3.6
A005-MA	80.014	A005-R1-TRIM3-CHIPPING-INSP-REV	8	3.6
A005-MA	80.014	A005-R1-TRIM3-CHIPPING-INSP-REV	9	3.6
A005-MA	80.014	A005-R1-TRIM3-CHIPPING-INSP-REV	10	3.6
A005-MA	80.014	A005-R1-TRIM3-CHIPPING-INSP-REV	11	3.6
A005-MA	80.014	A005-R1-TRIM3-CHIPPING-INSP-REV	12	3.6
A005-MA	80.014	A005-R1-TRIM3-CHIPPING-INSP-REV	13	3.6
A005-MA	80.015	A005-R1-DB2-POSTET3-SCRB	1	6.72
A005-MA	80.015	A005-R1-DB2-POSTET3-SCRB	2	12.96
A005-MA	80.015	A005-R1-DB2-POSTET3-SCRB	3	19.2
A005-MA	80.015	A005-R1-DB2-POSTET3-SCRB	4	25.44
A005-MA	80.015	A005-R1-DB2-POSTET3-SCRB	5	31.68
A005-MA	80.015	A005-R1-DB2-POSTET3-SCRB	6	37.92
A005-MA	80.015	A005-R1-DB2-POSTET3-SCRB	7	44.16
A005-MA	80.015	A005-R1-DB2-POSTET3-SCRB	8	50.4
A005-MA	80.015	A005-R1-DB2-POSTET3-SCRB	9	56.52
A005-MA	80.015	A005-R1-DB2-POSTET3-SCRB	10	62.64
A005-MA	80.015	A005-R1-DB2-POSTET3-SCRB	11	68.76
A005-MA	80.015	A005-R1-DB2-POSTET3-SCRB	12	74.88
A005-MA	80.015	A005-R1-DB2-POSTET3-SCRB	13	81.0
A005-MA	80.016	A005-R1-TRIM3-EDGE-2D-SCAN	1	6.0
A005-MA	80.016	A005-R1-TRIM3-EDGE-2D-SCAN	2	12.0
A005-MA	80.016	A005-R1-TRIM3-EDGE-2D-SCAN	3	18.0
A005-MA	80.016	A005-R1-TRIM3-EDGE-2D-SCAN	4	24.0
A005-MA	80.016	A005-R1-TRIM3-EDGE-2D-SCAN	5	30.0
A005-MA	80.016	A005-R1-TRIM3-EDGE-2D-SCAN	6	36.0
A005-MA	80.016	A005-R1-TRIM3-EDGE-2D-SCAN	7	42.0
A005-MA	80.016	A005-R1-TRIM3-EDGE-2D-SCAN	8	48.0
A005-MA	80.016	A005-R1-TRIM3-EDGE-2D-SCAN	9	54.0
A005-MA	80.016	A005-R1-TRIM3-EDGE-2D-SCAN	10	60.0
A005-MA	80.016	A005-R1-TRIM3-EDGE-2D-SCAN	11	66.0
A005-MA	80.016	A005-R1-TRIM3-EDGE-2D-SCAN	12	72.0
A005-MA	80.016	A005-R1-TRIM3-EDGE-2D-SCAN	13	78.0
A005-MA	80.017	A005-R1-DB2-EDGE-DATA-REVIEW	1	4.08
A005-MA	80.017	A005-R1-DB2-EDGE-DATA-REVIEW	2	4.44
A005-MA	80.017	A005-R1-DB2-EDGE-DATA-REVIEW	3	4.8
A005-MA	80.017	A005-R1-DB2-EDGE-DATA-REVIEW	4	5.16
A005-MA	80.017	A005-R1-DB2-EDGE-DATA-REVIEW	5	5.52
A005-MA	80.017	A005-R1-DB2-EDGE-DATA-REVIEW	6	5.88
A005-MA	80.017	A005-R1-DB2-EDGE-DATA-REVIEW	7	6.24
A005-MA	80.017	A005-R1-DB2-EDGE-DATA-REVIEW	8	6.6
A005-MA	80.017	A005-R1-DB2-EDGE-DATA-REVIEW	9	6.96
A005-MA	80.017	A005-R1-DB2-EDGE-DATA-REVIEW	10	7.32
A005-MA	80.017	A005-R1-DB2-EDGE-DATA-REVIEW	11	7.68
A005-MA	80.017	A005-R1-DB2-EDGE-DATA-REVIEW	12	8.04
A005-MA	80.017	A005-R1-DB2-EDGE-DATA-REVIEW	13	8.4
A005-MA	80.018	A005-R1-DB2-POST-AOI-SCRB	1	8.52
A005-MA	80.018	A005-R1-DB2-POST-AOI-SCRB	2	14.16
A005-MA	80.018	A005-R1-DB2-POST-AOI-SCRB	3	19.8
A005-MA	80.018	A005-R1-DB2-POST-AOI-SCRB	4	25.44
A005-MA	80.018	A005-R1-DB2-POST-AOI-SCRB	5	31.08
A005-MA	80.018	A005-R1-DB2-POST-AOI-SCRB	6	36.72
A005-MA	80.018	A005-R1-DB2-POST-AOI-SCRB	7	42.36
A005-MA	80.018	A005-R1-DB2-POST-AOI-SCRB	8	48.0
A005-MA	80.018	A005-R1-DB2-POST-AOI-SCRB	9	53.64
A005-MA	80.018	A005-R1-DB2-POST-AOI-SCRB	10	59.28
A005-MA	80.018	A005-R1-DB2-POST-AOI-SCRB	11	64.92
A005-MA	80.018	A005-R1-DB2-POST-AOI-SCRB	12	70.56
A005-MA	80.018	A005-R1-DB2-POST-AOI-SCRB	13	76.2
A005-MA	80.019	A005-R1-DB2-AOI-SPLIT	1	1.92
A005-MA	80.019	A005-R1-DB2-AOI-SPLIT	2	2.76
A005-MA	80.019	A005-R1-DB2-AOI-SPLIT	3	3.6
A005-MA	80.019	A005-R1-DB2-AOI-SPLIT	4	4.44
A005-MA	80.019	A005-R1-DB2-AOI-SPLIT	5	5.28
A005-MA	80.019	A005-R1-DB2-AOI-SPLIT	6	6.12
A005-MA	80.019	A005-R1-DB2-AOI-SPLIT	7	6.96
A005-MA	80.019	A005-R1-DB2-AOI-SPLIT	8	7.8
A005-MA	80.019	A005-R1-DB2-AOI-SPLIT	9	8.64
A005-MA	80.019	A005-R1-DB2-AOI-SPLIT	10	9.48
A005-MA	80.019	A005-R1-DB2-AOI-SPLIT	11	10.32
A005-MA	80.019	A005-R1-DB2-AOI-SPLIT	12	11.16
A005-MA	80.019	A005-R1-DB2-AOI-SPLIT	13	12.0
A005-MA	80.020	A005-R1-TRIM3-2D-SCAN	1	15.0
A005-MA	80.020	A005-R1-TRIM3-2D-SCAN	2	30.0
A005-MA	80.020	A005-R1-TRIM3-2D-SCAN	3	45.0
A005-MA	80.020	A005-R1-TRIM3-2D-SCAN	4	60.0
A005-MA	80.020	A005-R1-TRIM3-2D-SCAN	5	75.0
A005-MA	80.020	A005-R1-TRIM3-2D-SCAN	6	90.0
A005-MA	80.020	A005-R1-TRIM3-2D-SCAN	7	105.0
A005-MA	80.020	A005-R1-TRIM3-2D-SCAN	8	120
A005-MA	80.020	A005-R1-TRIM3-2D-SCAN	9	135.0
A005-MA	80.020	A005-R1-TRIM3-2D-SCAN	10	150.0
A005-MA	80.020	A005-R1-TRIM3-2D-SCAN	11	165.0
A005-MA	80.020	A005-R1-TRIM3-2D-SCAN	12	180.0
A005-MA	80.020	A005-R1-TRIM3-2D-SCAN	13	195.0
A005-MA	80.021	A005-R1-DB2-DATA-REVIEW	1	23.64
A005-MA	80.021	A005-R1-DB2-DATA-REVIEW	2	30.72
A005-MA	80.021	A005-R1-DB2-DATA-REVIEW	3	37.8
A005-MA	80.021	A005-R1-DB2-DATA-REVIEW	4	44.88
A005-MA	80.021	A005-R1-DB2-DATA-REVIEW	5	51.96
A005-MA	80.021	A005-R1-DB2-DATA-REVIEW	6	59.04
A005-MA	80.021	A005-R1-DB2-DATA-REVIEW	7	66.12
A005-MA	80.021	A005-R1-DB2-DATA-REVIEW	8	73.2
A005-MA	80.021	A005-R1-DB2-DATA-REVIEW	9	80.28
A005-MA	80.021	A005-R1-DB2-DATA-REVIEW	10	87.36
A005-MA	80.021	A005-R1-DB2-DATA-REVIEW	11	94.44
A005-MA	80.021	A005-R1-DB2-DATA-REVIEW	12	101.52
A005-MA	80.021	A005-R1-DB2-DATA-REVIEW	13	108.6
A005-MA	80.022	A005-R1-DB2-REPORT	1	0.0
A005-MA	80.022	A005-R1-DB2-REPORT	2	0.0
A005-MA	80.022	A005-R1-DB2-REPORT	3	0
A005-MA	80.022	A005-R1-DB2-REPORT	4	0.0
A005-MA	80.022	A005-R1-DB2-REPORT	5	0.0
A005-MA	80.022	A005-R1-DB2-REPORT	6	0.0
A005-MA	80.022	A005-R1-DB2-REPORT	7	0.0
A005-MA	80.022	A005-R1-DB2-REPORT	8	0
A005-MA	80.022	A005-R1-DB2-REPORT	9	0.0
A005-MA	80.022	A005-R1-DB2-REPORT	10	0.0
A005-MA	80.022	A005-R1-DB2-REPORT	11	0.0
A005-MA	80.022	A005-R1-DB2-REPORT	12	0.0
A005-MA	80.022	A005-R1-DB2-REPORT	13	0
A005-MA	80.023	A005-R1-DB2-MERGE-MAP-CHECK	1	0.0
A005-MA	80.023	A005-R1-DB2-MERGE-MAP-CHECK	2	0.0
A005-MA	80.023	A005-R1-DB2-MERGE-MAP-CHECK	3	0
A005-MA	80.023	A005-R1-DB2-MERGE-MAP-CHECK	4	0.0
A005-MA	80.023	A005-R1-DB2-MERGE-MAP-CHECK	5	0.0
A005-MA	80.023	A005-R1-DB2-MERGE-MAP-CHECK	6	0.0
A005-MA	80.023	A005-R1-DB2-MERGE-MAP-CHECK	7	0.0
A005-MA	80.023	A005-R1-DB2-MERGE-MAP-CHECK	8	0
A005-MA	80.023	A005-R1-DB2-MERGE-MAP-CHECK	9	0.0
A005-MA	80.023	A005-R1-DB2-MERGE-MAP-CHECK	10	0.0
A005-MA	80.023	A005-R1-DB2-MERGE-MAP-CHECK	11	0.0
A005-MA	80.023	A005-R1-DB2-MERGE-MAP-CHECK	12	0.0
A005-MA	80.023	A005-R1-DB2-MERGE-MAP-CHECK	13	0
A005-MA	80.024	A005-R1-DB2-MAP-DISPOSAL	1	0.0
A005-MA	80.024	A005-R1-DB2-MAP-DISPOSAL	2	0.0
A005-MA	80.024	A005-R1-DB2-MAP-DISPOSAL	3	0
A005-MA	80.024	A005-R1-DB2-MAP-DISPOSAL	4	0.0
A005-MA	80.024	A005-R1-DB2-MAP-DISPOSAL	5	0.0
A005-MA	80.024	A005-R1-DB2-MAP-DISPOSAL	6	0.0
A005-MA	80.024	A005-R1-DB2-MAP-DISPOSAL	7	0.0
A005-MA	80.024	A005-R1-DB2-MAP-DISPOSAL	8	0
A005-MA	80.024	A005-R1-DB2-MAP-DISPOSAL	9	0.0
A005-MA	80.024	A005-R1-DB2-MAP-DISPOSAL	10	0.0
A005-MA	80.024	A005-R1-DB2-MAP-DISPOSAL	11	0.0
A005-MA	80.024	A005-R1-DB2-MAP-DISPOSAL	12	0.0
A005-MA	80.024	A005-R1-DB2-MAP-DISPOSAL	13	0
A005-MA	80.025	A005-R1-DB2-TRAN	1	1.92
A005-MA	80.025	A005-R1-DB2-TRAN	2	2.76
A005-MA	80.025	A005-R1-DB2-TRAN	3	3.6
A005-MA	80.025	A005-R1-DB2-TRAN	4	4.44
A005-MA	80.025	A005-R1-DB2-TRAN	5	5.28
A005-MA	80.025	A005-R1-DB2-TRAN	6	6.12
A005-MA	80.025	A005-R1-DB2-TRAN	7	6.96
A005-MA	80.025	A005-R1-DB2-TRAN	8	7.8
A005-MA	80.025	A005-R1-DB2-TRAN	9	8.64
A005-MA	80.025	A005-R1-DB2-TRAN	10	9.48
A005-MA	80.025	A005-R1-DB2-TRAN	11	10.32
A005-MA	80.025	A005-R1-DB2-TRAN	12	11.16
A005-MA	80.025	A005-R1-DB2-TRAN	13	12.0
A005-P1	10.001	A005-P1-FC-BANK	1	0.6
A005-P1	10.001	A005-P1-FC-BANK	2	0.6
A005-P1	10.001	A005-P1-FC-BANK	3	0.6
A005-P1	10.001	A005-P1-FC-BANK	4	0.6
A005-P1	10.001	A005-P1-FC-BANK	5	0.6
A005-P1	10.001	A005-P1-FC-BANK	6	0.6
A005-P1	10.001	A005-P1-FC-BANK	7	0.6
A005-P1	10.001	A005-P1-FC-BANK	8	0.6
A005-P1	10.001	A005-P1-FC-BANK	9	0.72
A005-P1	10.001	A005-P1-FC-BANK	10	0.84
A005-P1	10.001	A005-P1-FC-BANK	11	0.96
A005-P1	10.001	A005-P1-FC-BANK	12	1.08
A005-P1	10.001	A005-P1-FC-BANK	13	1.2
A005-P1	10.002	A005-P1-FC-DUMMY	1	0.6
A005-P1	10.002	A005-P1-FC-DUMMY	2	0.6
A005-P1	10.002	A005-P1-FC-DUMMY	3	0.6
A005-P1	10.002	A005-P1-FC-DUMMY	4	0.6
A005-P1	10.002	A005-P1-FC-DUMMY	5	0.6
A005-P1	10.002	A005-P1-FC-DUMMY	6	0.6
A005-P1	10.002	A005-P1-FC-DUMMY	7	0.6
A005-P1	10.002	A005-P1-FC-DUMMY	8	0.6
A005-P1	10.002	A005-P1-FC-DUMMY	9	0.72
A005-P1	10.002	A005-P1-FC-DUMMY	10	0.84
A005-P1	10.002	A005-P1-FC-DUMMY	11	0.96
A005-P1	10.002	A005-P1-FC-DUMMY	12	1.08
A005-P1	10.002	A005-P1-FC-DUMMY	13	1.2
A005-P1	10.003	A005-P1-FC-REFLOW	1	90.6
A005-P1	10.003	A005-P1-FC-REFLOW	2	125.4
A005-P1	10.003	A005-P1-FC-REFLOW	3	160.2
A005-P1	10.003	A005-P1-FC-REFLOW	4	195.0
A005-P1	10.003	A005-P1-FC-REFLOW	5	229.8
A005-P1	10.003	A005-P1-FC-REFLOW	6	264.6
A005-P1	10.003	A005-P1-FC-REFLOW	7	299.4
A005-P1	10.003	A005-P1-FC-REFLOW	8	334.2
A005-P1	10.003	A005-P1-FC-REFLOW	9	369.0
A005-P1	10.003	A005-P1-FC-REFLOW	10	403.8
A005-P1	10.003	A005-P1-FC-REFLOW	11	438.6
A005-P1	10.003	A005-P1-FC-REFLOW	12	473.4
A005-P1	10.003	A005-P1-FC-REFLOW	13	508.2
A005-P1	10.004	A005-P1-FC-DEFLUX	1	44.52
A005-P1	10.004	A005-P1-FC-DEFLUX	2	67.56
A005-P1	10.004	A005-P1-FC-DEFLUX	3	90.6
A005-P1	10.004	A005-P1-FC-DEFLUX	4	113.64
A005-P1	10.004	A005-P1-FC-DEFLUX	5	136.68
A005-P1	10.004	A005-P1-FC-DEFLUX	6	159.72
A005-P1	10.004	A005-P1-FC-DEFLUX	7	182.76
A005-P1	10.004	A005-P1-FC-DEFLUX	8	205.8
A005-P1	10.004	A005-P1-FC-DEFLUX	9	226.92
A005-P1	10.004	A005-P1-FC-DEFLUX	10	248.04
A005-P1	10.004	A005-P1-FC-DEFLUX	11	269.16
A005-P1	10.004	A005-P1-FC-DEFLUX	12	290.28
A005-P1	10.004	A005-P1-FC-DEFLUX	13	311.4
A005-P1	10.005	A005-P1-FC-SOH-MEAS	1	38.52
A005-P1	10.005	A005-P1-FC-SOH-MEAS	2	44.76
A005-P1	10.005	A005-P1-FC-SOH-MEAS	3	51.0
A005-P1	10.005	A005-P1-FC-SOH-MEAS	4	57.24
A005-P1	10.005	A005-P1-FC-SOH-MEAS	5	63.48
A005-P1	10.005	A005-P1-FC-SOH-MEAS	6	69.72
A005-P1	10.005	A005-P1-FC-SOH-MEAS	7	75.96
A005-P1	10.005	A005-P1-FC-SOH-MEAS	8	82.2
A005-P1	10.005	A005-P1-FC-SOH-MEAS	9	88.32
A005-P1	10.005	A005-P1-FC-SOH-MEAS	10	94.44
A005-P1	10.005	A005-P1-FC-SOH-MEAS	11	100.56
A005-P1	10.005	A005-P1-FC-SOH-MEAS	12	106.68
A005-P1	10.005	A005-P1-FC-SOH-MEAS	13	112.8
A005-P1	10.006	A005-P1-FC-GAP-MEAS	1	13.56
A005-P1	10.006	A005-P1-FC-GAP-MEAS	2	14.28
A005-P1	10.006	A005-P1-FC-GAP-MEAS	3	15.0
A005-P1	10.006	A005-P1-FC-GAP-MEAS	4	15.72
A005-P1	10.006	A005-P1-FC-GAP-MEAS	5	16.44
A005-P1	10.006	A005-P1-FC-GAP-MEAS	6	17.16
A005-P1	10.006	A005-P1-FC-GAP-MEAS	7	17.88
A005-P1	10.006	A005-P1-FC-GAP-MEAS	8	18.6
A005-P1	10.006	A005-P1-FC-GAP-MEAS	9	19.32
A005-P1	10.006	A005-P1-FC-GAP-MEAS	10	20.04
A005-P1	10.006	A005-P1-FC-GAP-MEAS	11	20.76
A005-P1	10.006	A005-P1-FC-GAP-MEAS	12	21.48
A005-P1	10.006	A005-P1-FC-GAP-MEAS	13	22.2
A005-P1	10.007	A005-P1-FC-INSP	1	3.0
A005-P1	10.007	A005-P1-FC-INSP	2	4.2
A005-P1	10.007	A005-P1-FC-INSP	3	5.4
A005-P1	10.007	A005-P1-FC-INSP	4	6.6
A005-P1	10.007	A005-P1-FC-INSP	5	7.8
A005-P1	10.007	A005-P1-FC-INSP	6	9.0
A005-P1	10.007	A005-P1-FC-INSP	7	10.2
A005-P1	10.007	A005-P1-FC-INSP	8	11.4
A005-P1	10.007	A005-P1-FC-INSP	9	12.72
A005-P1	10.007	A005-P1-FC-INSP	10	14.04
A005-P1	10.007	A005-P1-FC-INSP	11	15.36
A005-P1	10.007	A005-P1-FC-INSP	12	16.68
A005-P1	10.007	A005-P1-FC-INSP	13	18.0
A005-P1	10.008	A005-P1-FC-INSP-REV	1	7.2
A005-P1	10.008	A005-P1-FC-INSP-REV	2	7.2
A005-P1	10.008	A005-P1-FC-INSP-REV	3	7.2
A005-P1	10.008	A005-P1-FC-INSP-REV	4	7.2
A005-P1	10.008	A005-P1-FC-INSP-REV	5	7.2
A005-P1	10.008	A005-P1-FC-INSP-REV	6	7.2
A005-P1	10.008	A005-P1-FC-INSP-REV	7	7.2
A005-P1	10.008	A005-P1-FC-INSP-REV	8	7.2
A005-P1	10.008	A005-P1-FC-INSP-REV	9	7.2
A005-P1	10.008	A005-P1-FC-INSP-REV	10	7.2
A005-P1	10.008	A005-P1-FC-INSP-REV	11	7.2
A005-P1	10.008	A005-P1-FC-INSP-REV	12	7.2
A005-P1	10.008	A005-P1-FC-INSP-REV	13	7.2
A005-P1	20.001	A005-P1-UF-BAKE	1	122.64
A005-P1	20.001	A005-P1-UF-BAKE	2	123.72
A005-P1	20.001	A005-P1-UF-BAKE	3	124.8
A005-P1	20.001	A005-P1-UF-BAKE	4	125.88
A005-P1	20.001	A005-P1-UF-BAKE	5	126.96
A005-P1	20.001	A005-P1-UF-BAKE	6	128.04
A005-P1	20.001	A005-P1-UF-BAKE	7	129.12
A005-P1	20.001	A005-P1-UF-BAKE	8	130.2
A005-P1	20.001	A005-P1-UF-BAKE	9	131.28
A005-P1	20.001	A005-P1-UF-BAKE	10	132.36
A005-P1	20.001	A005-P1-UF-BAKE	11	133.44
A005-P1	20.001	A005-P1-UF-BAKE	12	134.52
A005-P1	20.001	A005-P1-UF-BAKE	13	135.6
A005-P1	20.002	A005-P1-UF-AUTO-SPLIT	1	0.48
A005-P1	20.002	A005-P1-UF-AUTO-SPLIT	2	0.84
A005-P1	20.002	A005-P1-UF-AUTO-SPLIT	3	1.2
A005-P1	20.002	A005-P1-UF-AUTO-SPLIT	4	1.56
A005-P1	20.002	A005-P1-UF-AUTO-SPLIT	5	1.92
A005-P1	20.002	A005-P1-UF-AUTO-SPLIT	6	2.28
A005-P1	20.002	A005-P1-UF-AUTO-SPLIT	7	2.64
A005-P1	20.002	A005-P1-UF-AUTO-SPLIT	8	3.0
A005-P1	20.002	A005-P1-UF-AUTO-SPLIT	9	3.48
A005-P1	20.002	A005-P1-UF-AUTO-SPLIT	10	3.96
A005-P1	20.002	A005-P1-UF-AUTO-SPLIT	11	4.44
A005-P1	20.002	A005-P1-UF-AUTO-SPLIT	12	4.92
A005-P1	20.002	A005-P1-UF-AUTO-SPLIT	13	5.4
A005-P1	20.003	A005-P1-UF-PLASMA	1	5.16
A005-P1	20.003	A005-P1-UF-PLASMA	2	8.28
A005-P1	20.003	A005-P1-UF-PLASMA	3	11.4
A005-P1	20.003	A005-P1-UF-PLASMA	4	14.52
A005-P1	20.003	A005-P1-UF-PLASMA	5	17.64
A005-P1	20.003	A005-P1-UF-PLASMA	6	20.76
A005-P1	20.003	A005-P1-UF-PLASMA	7	23.88
A005-P1	20.003	A005-P1-UF-PLASMA	8	27.0
A005-P1	20.003	A005-P1-UF-PLASMA	9	30.24
A005-P1	20.003	A005-P1-UF-PLASMA	10	33.48
A005-P1	20.003	A005-P1-UF-PLASMA	11	36.72
A005-P1	20.003	A005-P1-UF-PLASMA	12	39.96
A005-P1	20.003	A005-P1-UF-PLASMA	13	43.2
A005-P1	20.004	A005-P1-UF-DISPENSE	1	38.64
A005-P1	20.004	A005-P1-UF-DISPENSE	2	66.12
A005-P1	20.004	A005-P1-UF-DISPENSE	3	93.6
A005-P1	20.004	A005-P1-UF-DISPENSE	4	121.08
A005-P1	20.004	A005-P1-UF-DISPENSE	5	148.56
A005-P1	20.004	A005-P1-UF-DISPENSE	6	176.04
A005-P1	20.004	A005-P1-UF-DISPENSE	7	203.52
A005-P1	20.004	A005-P1-UF-DISPENSE	8	231.0
A005-P1	20.004	A005-P1-UF-DISPENSE	9	270.0
A005-P1	20.004	A005-P1-UF-DISPENSE	10	309.0
A005-P1	20.004	A005-P1-UF-DISPENSE	11	348.0
A005-P1	20.004	A005-P1-UF-DISPENSE	12	387.0
A005-P1	20.004	A005-P1-UF-DISPENSE	13	426.0
A005-P1	20.005	A005-P1-UF-CURE	1	333.72
A005-P1	20.005	A005-P1-UF-CURE	2	336.36
A005-P1	20.005	A005-P1-UF-CURE	3	339.0
A005-P1	20.005	A005-P1-UF-CURE	4	341.64
A005-P1	20.005	A005-P1-UF-CURE	5	344.28
A005-P1	20.005	A005-P1-UF-CURE	6	346.92
A005-P1	20.005	A005-P1-UF-CURE	7	349.56
A005-P1	20.005	A005-P1-UF-CURE	8	352.2
A005-P1	20.005	A005-P1-UF-CURE	9	354.84
A005-P1	20.005	A005-P1-UF-CURE	10	357.48
A005-P1	20.005	A005-P1-UF-CURE	11	360.12
A005-P1	20.005	A005-P1-UF-CURE	12	362.76
A005-P1	20.005	A005-P1-UF-CURE	13	365.4
A005-P1	20.006	A005-P1-UF-INSP	1	3.6
A005-P1	20.006	A005-P1-UF-INSP	2	4.8
A005-P1	20.006	A005-P1-UF-INSP	3	6.0
A005-P1	20.006	A005-P1-UF-INSP	4	7.2
A005-P1	20.006	A005-P1-UF-INSP	5	8.4
A005-P1	20.006	A005-P1-UF-INSP	6	9.6
A005-P1	20.006	A005-P1-UF-INSP	7	10.8
A005-P1	20.006	A005-P1-UF-INSP	8	12.0
A005-P1	20.006	A005-P1-UF-INSP	9	13.08
A005-P1	20.006	A005-P1-UF-INSP	10	14.16
A005-P1	20.006	A005-P1-UF-INSP	11	15.24
A005-P1	20.006	A005-P1-UF-INSP	12	16.32
A005-P1	20.006	A005-P1-UF-INSP	13	17.4
A005-P1	20.007	A005-P1-UF-INSP-REV	1	6.0
A005-P1	20.007	A005-P1-UF-INSP-REV	2	6.6
A005-P1	20.007	A005-P1-UF-INSP-REV	3	7.2
A005-P1	20.007	A005-P1-UF-INSP-REV	4	7.8
A005-P1	20.007	A005-P1-UF-INSP-REV	5	8.4
A005-P1	20.007	A005-P1-UF-INSP-REV	6	9.0
A005-P1	20.007	A005-P1-UF-INSP-REV	7	9.6
A005-P1	20.007	A005-P1-UF-INSP-REV	8	10.2
A005-P1	20.007	A005-P1-UF-INSP-REV	9	10.8
A005-P1	20.007	A005-P1-UF-INSP-REV	10	11.4
A005-P1	20.007	A005-P1-UF-INSP-REV	11	12.0
A005-P1	20.007	A005-P1-UF-INSP-REV	12	12.6
A005-P1	20.007	A005-P1-UF-INSP-REV	13	13.2
A005-P1	20.008	A005-P1-UF-CREEP-DISTANCE-MEAS	1	40.8
A005-P1	20.008	A005-P1-UF-CREEP-DISTANCE-MEAS	2	70.2
A005-P1	20.008	A005-P1-UF-CREEP-DISTANCE-MEAS	3	99.6
A005-P1	20.008	A005-P1-UF-CREEP-DISTANCE-MEAS	4	129.0
A005-P1	20.008	A005-P1-UF-CREEP-DISTANCE-MEAS	5	158.4
A005-P1	20.008	A005-P1-UF-CREEP-DISTANCE-MEAS	6	187.8
A005-P1	20.008	A005-P1-UF-CREEP-DISTANCE-MEAS	7	217.2
A005-P1	20.008	A005-P1-UF-CREEP-DISTANCE-MEAS	8	246.6
A005-P1	20.008	A005-P1-UF-CREEP-DISTANCE-MEAS	9	275.88
A005-P1	20.008	A005-P1-UF-CREEP-DISTANCE-MEAS	10	305.16
A005-P1	20.008	A005-P1-UF-CREEP-DISTANCE-MEAS	11	334.44
A005-P1	20.008	A005-P1-UF-CREEP-DISTANCE-MEAS	12	363.72
A005-P1	20.008	A005-P1-UF-CREEP-DISTANCE-MEAS	13	393.0
A005-P1	30.001	A005-P1-DAF-DUMMY-DIE	1	12.48
A005-P1	30.001	A005-P1-DAF-DUMMY-DIE	2	22.44
A005-P1	30.001	A005-P1-DAF-DUMMY-DIE	3	32.4
A005-P1	30.001	A005-P1-DAF-DUMMY-DIE	4	42.36
A005-P1	30.001	A005-P1-DAF-DUMMY-DIE	5	52.32
A005-P1	30.001	A005-P1-DAF-DUMMY-DIE	6	62.28
A005-P1	30.001	A005-P1-DAF-DUMMY-DIE	7	72.24
A005-P1	30.001	A005-P1-DAF-DUMMY-DIE	8	82.2
A005-P1	30.001	A005-P1-DAF-DUMMY-DIE	9	92.16
A005-P1	30.001	A005-P1-DAF-DUMMY-DIE	10	102.12
A005-P1	30.001	A005-P1-DAF-DUMMY-DIE	11	112.08
A005-P1	30.001	A005-P1-DAF-DUMMY-DIE	12	122.04
A005-P1	30.001	A005-P1-DAF-DUMMY-DIE	13	132.0
A005-P1	30.002	A005-P1-DAF-CURE	1	207.24
A005-P1	30.002	A005-P1-DAF-CURE	2	209.52
A005-P1	30.002	A005-P1-DAF-CURE	3	211.8
A005-P1	30.002	A005-P1-DAF-CURE	4	214.08
A005-P1	30.002	A005-P1-DAF-CURE	5	216.36
A005-P1	30.002	A005-P1-DAF-CURE	6	218.64
A005-P1	30.002	A005-P1-DAF-CURE	7	220.92
A005-P1	30.002	A005-P1-DAF-CURE	8	223.2
A005-P1	30.002	A005-P1-DAF-CURE	9	225.36
A005-P1	30.002	A005-P1-DAF-CURE	10	227.52
A005-P1	30.002	A005-P1-DAF-CURE	11	229.68
A005-P1	30.002	A005-P1-DAF-CURE	12	231.84
A005-P1	30.002	A005-P1-DAF-CURE	13	234.0
A005-P1	30.003	A005-P1-DAF-INSP	1	3.6
A005-P1	30.003	A005-P1-DAF-INSP	2	4.8
A005-P1	30.003	A005-P1-DAF-INSP	3	6.0
A005-P1	30.003	A005-P1-DAF-INSP	4	7.2
A005-P1	30.003	A005-P1-DAF-INSP	5	8.4
A005-P1	30.003	A005-P1-DAF-INSP	6	9.6
A005-P1	30.003	A005-P1-DAF-INSP	7	10.8
A005-P1	30.003	A005-P1-DAF-INSP	8	12.0
A005-P1	30.003	A005-P1-DAF-INSP	9	13.2
A005-P1	30.003	A005-P1-DAF-INSP	10	14.4
A005-P1	30.003	A005-P1-DAF-INSP	11	15.6
A005-P1	30.003	A005-P1-DAF-INSP	12	16.8
A005-P1	30.003	A005-P1-DAF-INSP	13	18.0
A005-P1	30.004	A005-P1-DAF-INSP-REV	1	7.44
A005-P1	30.004	A005-P1-DAF-INSP-REV	2	8.52
A005-P1	30.004	A005-P1-DAF-INSP-REV	3	9.6
A005-P1	30.004	A005-P1-DAF-INSP-REV	4	10.68
A005-P1	30.004	A005-P1-DAF-INSP-REV	5	11.76
A005-P1	30.004	A005-P1-DAF-INSP-REV	6	12.84
A005-P1	30.004	A005-P1-DAF-INSP-REV	7	13.92
A005-P1	30.004	A005-P1-DAF-INSP-REV	8	15.0
A005-P1	30.004	A005-P1-DAF-INSP-REV	9	15.96
A005-P1	30.004	A005-P1-DAF-INSP-REV	10	16.92
A005-P1	30.004	A005-P1-DAF-INSP-REV	11	17.88
A005-P1	30.004	A005-P1-DAF-INSP-REV	12	18.84
A005-P1	30.004	A005-P1-DAF-INSP-REV	13	19.8
A005-P1	30.005	A005-P1-DAF-SAT	1	180.0
A005-P1	30.005	A005-P1-DAF-SAT	2	360.0
A005-P1	30.005	A005-P1-DAF-SAT	3	540
A005-P1	30.005	A005-P1-DAF-SAT	4	720.0
A005-P1	30.005	A005-P1-DAF-SAT	5	900.0
A005-P1	30.005	A005-P1-DAF-SAT	6	1080.0
A005-P1	30.005	A005-P1-DAF-SAT	7	1260.0
A005-P1	30.005	A005-P1-DAF-SAT	8	1440
A005-P1	30.005	A005-P1-DAF-SAT	9	1620.0
A005-P1	30.005	A005-P1-DAF-SAT	10	1800.0
A005-P1	30.005	A005-P1-DAF-SAT	11	1980.0
A005-P1	30.005	A005-P1-DAF-SAT	12	2160.0
A005-P1	30.005	A005-P1-DAF-SAT	13	2340
A005-P1	30.006	A005-P1-DAF-SAT-REV	1	5.16
A005-P1	30.006	A005-P1-DAF-SAT-REV	2	8.28
A005-P1	30.006	A005-P1-DAF-SAT-REV	3	11.4
A005-P1	30.006	A005-P1-DAF-SAT-REV	4	14.52
A005-P1	30.006	A005-P1-DAF-SAT-REV	5	17.64
A005-P1	30.006	A005-P1-DAF-SAT-REV	6	20.76
A005-P1	30.006	A005-P1-DAF-SAT-REV	7	23.88
A005-P1	30.006	A005-P1-DAF-SAT-REV	8	27.0
A005-P1	30.006	A005-P1-DAF-SAT-REV	9	30.24
A005-P1	30.006	A005-P1-DAF-SAT-REV	10	33.48
A005-P1	30.006	A005-P1-DAF-SAT-REV	11	36.72
A005-P1	30.006	A005-P1-DAF-SAT-REV	12	39.96
A005-P1	30.006	A005-P1-DAF-SAT-REV	13	43.2
A005-P1	30.007	A005-P1-DAF-BAKE	1	122.64
A005-P1	30.007	A005-P1-DAF-BAKE	2	123.72
A005-P1	30.007	A005-P1-DAF-BAKE	3	124.8
A005-P1	30.007	A005-P1-DAF-BAKE	4	125.88
A005-P1	30.007	A005-P1-DAF-BAKE	5	126.96
A005-P1	30.007	A005-P1-DAF-BAKE	6	128.04
A005-P1	30.007	A005-P1-DAF-BAKE	7	129.12
A005-P1	30.007	A005-P1-DAF-BAKE	8	130.2
A005-P1	30.007	A005-P1-DAF-BAKE	9	131.16
A005-P1	30.007	A005-P1-DAF-BAKE	10	132.12
A005-P1	30.007	A005-P1-DAF-BAKE	11	133.08
A005-P1	30.007	A005-P1-DAF-BAKE	12	134.04
A005-P1	30.007	A005-P1-DAF-BAKE	13	135.0
A005-P1	30.008	A005-P1-DAF-CHIPPING-INSP	1	3.0
A005-P1	30.008	A005-P1-DAF-CHIPPING-INSP	2	4.2
A005-P1	30.008	A005-P1-DAF-CHIPPING-INSP	3	5.4
A005-P1	30.008	A005-P1-DAF-CHIPPING-INSP	4	6.6
A005-P1	30.008	A005-P1-DAF-CHIPPING-INSP	5	7.8
A005-P1	30.008	A005-P1-DAF-CHIPPING-INSP	6	9.0
A005-P1	30.008	A005-P1-DAF-CHIPPING-INSP	7	10.2
A005-P1	30.008	A005-P1-DAF-CHIPPING-INSP	8	11.4
A005-P1	30.008	A005-P1-DAF-CHIPPING-INSP	9	12.72
A005-P1	30.008	A005-P1-DAF-CHIPPING-INSP	10	14.04
A005-P1	30.008	A005-P1-DAF-CHIPPING-INSP	11	15.36
A005-P1	30.008	A005-P1-DAF-CHIPPING-INSP	12	16.68
A005-P1	30.008	A005-P1-DAF-CHIPPING-INSP	13	18.0
A005-P1	30.009	A005-P1-DAF-CHIPPING-INSP-REV	1	4.08
A005-P1	30.009	A005-P1-DAF-CHIPPING-INSP-REV	2	5.04
A005-P1	30.009	A005-P1-DAF-CHIPPING-INSP-REV	3	6.0
A005-P1	30.009	A005-P1-DAF-CHIPPING-INSP-REV	4	6.96
A005-P1	30.009	A005-P1-DAF-CHIPPING-INSP-REV	5	7.92
A005-P1	30.009	A005-P1-DAF-CHIPPING-INSP-REV	6	8.88
A005-P1	30.009	A005-P1-DAF-CHIPPING-INSP-REV	7	9.84
A005-P1	30.009	A005-P1-DAF-CHIPPING-INSP-REV	8	10.8
A005-P1	30.009	A005-P1-DAF-CHIPPING-INSP-REV	9	11.76
A005-P1	30.009	A005-P1-DAF-CHIPPING-INSP-REV	10	12.72
A005-P1	30.009	A005-P1-DAF-CHIPPING-INSP-REV	11	13.68
A005-P1	30.009	A005-P1-DAF-CHIPPING-INSP-REV	12	14.64
A005-P1	30.009	A005-P1-DAF-CHIPPING-INSP-REV	13	15.6
A005-P1	30.010	A005-P1-DAF-WARP-MEAS	1	7.32
A005-P1	30.010	A005-P1-DAF-WARP-MEAS	2	12.36
A005-P1	30.010	A005-P1-DAF-WARP-MEAS	3	17.4
A005-P1	30.010	A005-P1-DAF-WARP-MEAS	4	22.44
A005-P1	30.010	A005-P1-DAF-WARP-MEAS	5	27.48
A005-P1	30.010	A005-P1-DAF-WARP-MEAS	6	32.52
A005-P1	30.010	A005-P1-DAF-WARP-MEAS	7	37.56
A005-P1	30.010	A005-P1-DAF-WARP-MEAS	8	42.6
A005-P1	30.010	A005-P1-DAF-WARP-MEAS	9	47.52
A005-P1	30.010	A005-P1-DAF-WARP-MEAS	10	52.44
A005-P1	30.010	A005-P1-DAF-WARP-MEAS	11	57.36
A005-P1	30.010	A005-P1-DAF-WARP-MEAS	12	62.28
A005-P1	30.010	A005-P1-DAF-WARP-MEAS	13	67.2
A005-P1	40.001	A005-P1-MD-PLASMA	1	2.28
A005-P1	40.001	A005-P1-MD-PLASMA	2	3.24
A005-P1	40.001	A005-P1-MD-PLASMA	3	4.2
A005-P1	40.001	A005-P1-MD-PLASMA	4	5.16
A005-P1	40.001	A005-P1-MD-PLASMA	5	6.12
A005-P1	40.001	A005-P1-MD-PLASMA	6	7.08
A005-P1	40.001	A005-P1-MD-PLASMA	7	8.04
A005-P1	40.001	A005-P1-MD-PLASMA	8	9.0
A005-P1	40.001	A005-P1-MD-PLASMA	9	9.96
A005-P1	40.001	A005-P1-MD-PLASMA	10	10.92
A005-P1	40.001	A005-P1-MD-PLASMA	11	11.88
A005-P1	40.001	A005-P1-MD-PLASMA	12	12.84
A005-P1	40.001	A005-P1-MD-PLASMA	13	13.8
A005-P1	40.002	A005-P1-MD-MOLDING	1	94.08
A005-P1	40.002	A005-P1-MD-MOLDING	2	108.24
A005-P1	40.002	A005-P1-MD-MOLDING	3	122.4
A005-P1	40.002	A005-P1-MD-MOLDING	4	136.56
A005-P1	40.002	A005-P1-MD-MOLDING	5	150.72
A005-P1	40.002	A005-P1-MD-MOLDING	6	164.88
A005-P1	40.002	A005-P1-MD-MOLDING	7	179.04
A005-P1	40.002	A005-P1-MD-MOLDING	8	193.2
A005-P1	40.002	A005-P1-MD-MOLDING	9	207.36
A005-P1	40.002	A005-P1-MD-MOLDING	10	221.52
A005-P1	40.002	A005-P1-MD-MOLDING	11	235.68
A005-P1	40.002	A005-P1-MD-MOLDING	12	249.84
A005-P1	40.002	A005-P1-MD-MOLDING	13	264.0
A005-P1	40.003	A005-P1-MD-SHIFT-MEAS	1	8.4
A005-P1	40.003	A005-P1-MD-SHIFT-MEAS	2	15.0
A005-P1	40.003	A005-P1-MD-SHIFT-MEAS	3	21.6
A005-P1	40.003	A005-P1-MD-SHIFT-MEAS	4	28.2
A005-P1	40.003	A005-P1-MD-SHIFT-MEAS	5	34.8
A005-P1	40.003	A005-P1-MD-SHIFT-MEAS	6	41.4
A005-P1	40.003	A005-P1-MD-SHIFT-MEAS	7	48.0
A005-P1	40.003	A005-P1-MD-SHIFT-MEAS	8	54.6
A005-P1	40.003	A005-P1-MD-SHIFT-MEAS	9	61.2
A005-P1	40.003	A005-P1-MD-SHIFT-MEAS	10	67.8
A005-P1	40.003	A005-P1-MD-SHIFT-MEAS	11	74.4
A005-P1	40.003	A005-P1-MD-SHIFT-MEAS	12	81.0
A005-P1	40.003	A005-P1-MD-SHIFT-MEAS	13	87.6
A005-P1	40.004	A005-P1-MD-INSP	1	1.92
A005-P1	40.004	A005-P1-MD-INSP	2	2.76
A005-P1	40.004	A005-P1-MD-INSP	3	3.6
A005-P1	40.004	A005-P1-MD-INSP	4	4.44
A005-P1	40.004	A005-P1-MD-INSP	5	5.28
A005-P1	40.004	A005-P1-MD-INSP	6	6.12
A005-P1	40.004	A005-P1-MD-INSP	7	6.96
A005-P1	40.004	A005-P1-MD-INSP	8	7.8
A005-P1	40.004	A005-P1-MD-INSP	9	8.64
A005-P1	40.004	A005-P1-MD-INSP	10	9.48
A005-P1	40.004	A005-P1-MD-INSP	11	10.32
A005-P1	40.004	A005-P1-MD-INSP	12	11.16
A005-P1	40.004	A005-P1-MD-INSP	13	12.0
A005-P1	40.005	A005-P1-MD-INSP-REV	1	4.32
A005-P1	40.005	A005-P1-MD-INSP-REV	2	4.56
A005-P1	40.005	A005-P1-MD-INSP-REV	3	4.8
A005-P1	40.005	A005-P1-MD-INSP-REV	4	5.04
A005-P1	40.005	A005-P1-MD-INSP-REV	5	5.28
A005-P1	40.005	A005-P1-MD-INSP-REV	6	5.52
A005-P1	40.005	A005-P1-MD-INSP-REV	7	5.76
A005-P1	40.005	A005-P1-MD-INSP-REV	8	6.0
A005-P1	40.005	A005-P1-MD-INSP-REV	9	6.36
A005-P1	40.005	A005-P1-MD-INSP-REV	10	6.72
A005-P1	40.005	A005-P1-MD-INSP-REV	11	7.08
A005-P1	40.005	A005-P1-MD-INSP-REV	12	7.44
A005-P1	40.005	A005-P1-MD-INSP-REV	13	7.8
A005-P1	40.006	A005-P1-MD-TTV-MEAS	1	12.12
A005-P1	40.006	A005-P1-MD-TTV-MEAS	2	21.36
A005-P1	40.006	A005-P1-MD-TTV-MEAS	3	30.6
A005-P1	40.006	A005-P1-MD-TTV-MEAS	4	39.84
A005-P1	40.006	A005-P1-MD-TTV-MEAS	5	49.08
A005-P1	40.006	A005-P1-MD-TTV-MEAS	6	58.32
A005-P1	40.006	A005-P1-MD-TTV-MEAS	7	67.56
A005-P1	40.006	A005-P1-MD-TTV-MEAS	8	76.8
A005-P1	40.006	A005-P1-MD-TTV-MEAS	9	86.04
A005-P1	40.006	A005-P1-MD-TTV-MEAS	10	95.28
A005-P1	40.006	A005-P1-MD-TTV-MEAS	11	104.52
A005-P1	40.006	A005-P1-MD-TTV-MEAS	12	113.76
A005-P1	40.006	A005-P1-MD-TTV-MEAS	13	123.0
A005-P1	40.007	A005-P1-MD-SAT	1	126.72
A005-P1	40.007	A005-P1-MD-SAT	2	247.56
A005-P1	40.007	A005-P1-MD-SAT	3	368.4
A005-P1	40.007	A005-P1-MD-SAT	4	489.24
A005-P1	40.007	A005-P1-MD-SAT	5	610.08
A005-P1	40.007	A005-P1-MD-SAT	6	730.92
A005-P1	40.007	A005-P1-MD-SAT	7	851.76
A005-P1	40.007	A005-P1-MD-SAT	8	972.6
A005-P1	40.007	A005-P1-MD-SAT	9	1093.32
A005-P1	40.007	A005-P1-MD-SAT	10	1214.04
A005-P1	40.007	A005-P1-MD-SAT	11	1334.76
A005-P1	40.007	A005-P1-MD-SAT	12	1455.48
A005-P1	40.007	A005-P1-MD-SAT	13	1576.2
A005-P1	40.008	A005-P1-MD-SAT-REV	1	5.16
A005-P1	40.008	A005-P1-MD-SAT-REV	2	8.28
A005-P1	40.008	A005-P1-MD-SAT-REV	3	11.4
A005-P1	40.008	A005-P1-MD-SAT-REV	4	14.52
A005-P1	40.008	A005-P1-MD-SAT-REV	5	17.64
A005-P1	40.008	A005-P1-MD-SAT-REV	6	20.76
A005-P1	40.008	A005-P1-MD-SAT-REV	7	23.88
A005-P1	40.008	A005-P1-MD-SAT-REV	8	27.0
A005-P1	40.008	A005-P1-MD-SAT-REV	9	30.24
A005-P1	40.008	A005-P1-MD-SAT-REV	10	33.48
A005-P1	40.008	A005-P1-MD-SAT-REV	11	36.72
A005-P1	40.008	A005-P1-MD-SAT-REV	12	39.96
A005-P1	40.008	A005-P1-MD-SAT-REV	13	43.2
A005-P1	40.009	A005-P1-MD-BAKE	1	122.04
A005-P1	40.009	A005-P1-MD-BAKE	2	123.12
A005-P1	40.009	A005-P1-MD-BAKE	3	124.2
A005-P1	40.009	A005-P1-MD-BAKE	4	125.28
A005-P1	40.009	A005-P1-MD-BAKE	5	126.36
A005-P1	40.009	A005-P1-MD-BAKE	6	127.44
A005-P1	40.009	A005-P1-MD-BAKE	7	128.52
A005-P1	40.009	A005-P1-MD-BAKE	8	129.6
A005-P1	40.009	A005-P1-MD-BAKE	9	130.56
A005-P1	40.009	A005-P1-MD-BAKE	10	131.52
A005-P1	40.009	A005-P1-MD-BAKE	11	132.48
A005-P1	40.009	A005-P1-MD-BAKE	12	133.44
A005-P1	40.009	A005-P1-MD-BAKE	13	134.4
A005-P1	40.010	A005-P1-MD-WARP-MEAS	1	4.92
A005-P1	40.010	A005-P1-MD-WARP-MEAS	2	8.16
A005-P1	40.010	A005-P1-MD-WARP-MEAS	3	11.4
A005-P1	40.010	A005-P1-MD-WARP-MEAS	4	14.64
A005-P1	40.010	A005-P1-MD-WARP-MEAS	5	17.88
A005-P1	40.010	A005-P1-MD-WARP-MEAS	6	21.12
A005-P1	40.010	A005-P1-MD-WARP-MEAS	7	24.36
A005-P1	40.010	A005-P1-MD-WARP-MEAS	8	27.6
A005-P1	40.010	A005-P1-MD-WARP-MEAS	9	30.72
A005-P1	40.010	A005-P1-MD-WARP-MEAS	10	33.84
A005-P1	40.010	A005-P1-MD-WARP-MEAS	11	36.96
A005-P1	40.010	A005-P1-MD-WARP-MEAS	12	40.08
A005-P1	40.010	A005-P1-MD-WARP-MEAS	13	43.2
A005-P1	50.001	A005-P1-BG2-PRE-INSP	1	2.52
A005-P1	50.001	A005-P1-BG2-PRE-INSP	2	3.36
A005-P1	50.001	A005-P1-BG2-PRE-INSP	3	4.2
A005-P1	50.001	A005-P1-BG2-PRE-INSP	4	5.04
A005-P1	50.001	A005-P1-BG2-PRE-INSP	5	5.88
A005-P1	50.001	A005-P1-BG2-PRE-INSP	6	6.72
A005-P1	50.001	A005-P1-BG2-PRE-INSP	7	7.56
A005-P1	50.001	A005-P1-BG2-PRE-INSP	8	8.4
A005-P1	50.001	A005-P1-BG2-PRE-INSP	9	9.36
A005-P1	50.001	A005-P1-BG2-PRE-INSP	10	10.32
A005-P1	50.001	A005-P1-BG2-PRE-INSP	11	11.28
A005-P1	50.001	A005-P1-BG2-PRE-INSP	12	12.24
A005-P1	50.001	A005-P1-BG2-PRE-INSP	13	13.2
A005-P1	50.002	A005-P1-BG2-PRE-INSP-REV	1	1.92
A005-P1	50.002	A005-P1-BG2-PRE-INSP-REV	2	2.76
A005-P1	50.002	A005-P1-BG2-PRE-INSP-REV	3	3.6
A005-P1	50.002	A005-P1-BG2-PRE-INSP-REV	4	4.44
A005-P1	50.002	A005-P1-BG2-PRE-INSP-REV	5	5.28
A005-P1	50.002	A005-P1-BG2-PRE-INSP-REV	6	6.12
A005-P1	50.002	A005-P1-BG2-PRE-INSP-REV	7	6.96
A005-P1	50.002	A005-P1-BG2-PRE-INSP-REV	8	7.8
A005-P1	50.002	A005-P1-BG2-PRE-INSP-REV	9	8.64
A005-P1	50.002	A005-P1-BG2-PRE-INSP-REV	10	9.48
A005-P1	50.002	A005-P1-BG2-PRE-INSP-REV	11	10.32
A005-P1	50.002	A005-P1-BG2-PRE-INSP-REV	12	11.16
A005-P1	50.002	A005-P1-BG2-PRE-INSP-REV	13	12.0
A005-P1	50.003	A005-P1-BG2-SORT	1	9.48
A005-P1	50.003	A005-P1-BG2-SORT	2	9.84
A005-P1	50.003	A005-P1-BG2-SORT	3	10.2
A005-P1	50.003	A005-P1-BG2-SORT	4	10.56
A005-P1	50.003	A005-P1-BG2-SORT	5	10.92
A005-P1	50.003	A005-P1-BG2-SORT	6	11.28
A005-P1	50.003	A005-P1-BG2-SORT	7	11.64
A005-P1	50.003	A005-P1-BG2-SORT	8	12.0
A005-P1	50.003	A005-P1-BG2-SORT	9	12.36
A005-P1	50.003	A005-P1-BG2-SORT	10	12.72
A005-P1	50.003	A005-P1-BG2-SORT	11	13.08
A005-P1	50.003	A005-P1-BG2-SORT	12	13.44
A005-P1	50.003	A005-P1-BG2-SORT	13	13.8
A005-P1	50.004	A005-P1-BG2-GRINDING	1	22.32
A005-P1	50.004	A005-P1-BG2-GRINDING	2	32.16
A005-P1	50.004	A005-P1-BG2-GRINDING	3	42.0
A005-P1	50.004	A005-P1-BG2-GRINDING	4	51.84
A005-P1	50.004	A005-P1-BG2-GRINDING	5	61.68
A005-P1	50.004	A005-P1-BG2-GRINDING	6	71.52
A005-P1	50.004	A005-P1-BG2-GRINDING	7	81.36
A005-P1	50.004	A005-P1-BG2-GRINDING	8	91.2
A005-P1	50.004	A005-P1-BG2-GRINDING	9	101.04
A005-P1	50.004	A005-P1-BG2-GRINDING	10	110.88
A005-P1	50.004	A005-P1-BG2-GRINDING	11	120.72
A005-P1	50.004	A005-P1-BG2-GRINDING	12	130.56
A005-P1	50.004	A005-P1-BG2-GRINDING	13	140.4
A005-P1	50.005	A005-P1-BG2-SORT-02	1	2.28
A005-P1	50.005	A005-P1-BG2-SORT-02	2	3.24
A005-P1	50.005	A005-P1-BG2-SORT-02	3	4.2
A005-P1	50.005	A005-P1-BG2-SORT-02	4	5.16
A005-P1	50.005	A005-P1-BG2-SORT-02	5	6.12
A005-P1	50.005	A005-P1-BG2-SORT-02	6	7.08
A005-P1	50.005	A005-P1-BG2-SORT-02	7	8.04
A005-P1	50.005	A005-P1-BG2-SORT-02	8	9.0
A005-P1	50.005	A005-P1-BG2-SORT-02	9	9.96
A005-P1	50.005	A005-P1-BG2-SORT-02	10	10.92
A005-P1	50.005	A005-P1-BG2-SORT-02	11	11.88
A005-P1	50.005	A005-P1-BG2-SORT-02	12	12.84
A005-P1	50.005	A005-P1-BG2-SORT-02	13	13.8
A005-P1	50.006	A005-P1-BG2-GRINDING-02	1	24.84
A005-P1	50.006	A005-P1-BG2-GRINDING-02	2	33.72
A005-P1	50.006	A005-P1-BG2-GRINDING-02	3	42.6
A005-P1	50.006	A005-P1-BG2-GRINDING-02	4	51.48
A005-P1	50.006	A005-P1-BG2-GRINDING-02	5	60.36
A005-P1	50.006	A005-P1-BG2-GRINDING-02	6	69.24
A005-P1	50.006	A005-P1-BG2-GRINDING-02	7	78.12
A005-P1	50.006	A005-P1-BG2-GRINDING-02	8	87.0
A005-P1	50.006	A005-P1-BG2-GRINDING-02	9	95.76
A005-P1	50.006	A005-P1-BG2-GRINDING-02	10	104.52
A005-P1	50.006	A005-P1-BG2-GRINDING-02	11	113.28
A005-P1	50.006	A005-P1-BG2-GRINDING-02	12	122.04
A005-P1	50.006	A005-P1-BG2-GRINDING-02	13	130.8
A005-P1	50.007	A005-P1-BG2-INSP1	1	1.92
A005-P1	50.007	A005-P1-BG2-INSP1	2	2.76
A005-P1	50.007	A005-P1-BG2-INSP1	3	3.6
A005-P1	50.007	A005-P1-BG2-INSP1	4	4.44
A005-P1	50.007	A005-P1-BG2-INSP1	5	5.28
A005-P1	50.007	A005-P1-BG2-INSP1	6	6.12
A005-P1	50.007	A005-P1-BG2-INSP1	7	6.96
A005-P1	50.007	A005-P1-BG2-INSP1	8	7.8
A005-P1	50.007	A005-P1-BG2-INSP1	9	8.64
A005-P1	50.007	A005-P1-BG2-INSP1	10	9.48
A005-P1	50.007	A005-P1-BG2-INSP1	11	10.32
A005-P1	50.007	A005-P1-BG2-INSP1	12	11.16
A005-P1	50.007	A005-P1-BG2-INSP1	13	12.0
A005-P1	50.008	A005-P1-BG2-INSP1-REV	1	3.48
A005-P1	50.008	A005-P1-BG2-INSP1-REV	2	3.84
A005-P1	50.008	A005-P1-BG2-INSP1-REV	3	4.2
A005-P1	50.008	A005-P1-BG2-INSP1-REV	4	4.56
A005-P1	50.008	A005-P1-BG2-INSP1-REV	5	4.92
A005-P1	50.008	A005-P1-BG2-INSP1-REV	6	5.28
A005-P1	50.008	A005-P1-BG2-INSP1-REV	7	5.64
A005-P1	50.008	A005-P1-BG2-INSP1-REV	8	6.0
A005-P1	50.008	A005-P1-BG2-INSP1-REV	9	6.36
A005-P1	50.008	A005-P1-BG2-INSP1-REV	10	6.72
A005-P1	50.008	A005-P1-BG2-INSP1-REV	11	7.08
A005-P1	50.008	A005-P1-BG2-INSP1-REV	12	7.44
A005-P1	50.008	A005-P1-BG2-INSP1-REV	13	7.8
A005-P1	50.009	A005-P1-BG2-THK-MEAS	1	6.0
A005-P1	50.009	A005-P1-BG2-THK-MEAS	2	10.2
A005-P1	50.009	A005-P1-BG2-THK-MEAS	3	14.4
A005-P1	50.009	A005-P1-BG2-THK-MEAS	4	18.6
A005-P1	50.009	A005-P1-BG2-THK-MEAS	5	22.8
A005-P1	50.009	A005-P1-BG2-THK-MEAS	6	27.0
A005-P1	50.009	A005-P1-BG2-THK-MEAS	7	31.2
A005-P1	50.009	A005-P1-BG2-THK-MEAS	8	35.4
A005-P1	50.009	A005-P1-BG2-THK-MEAS	9	39.48
A005-P1	50.009	A005-P1-BG2-THK-MEAS	10	43.56
A005-P1	50.009	A005-P1-BG2-THK-MEAS	11	47.64
A005-P1	50.009	A005-P1-BG2-THK-MEAS	12	51.72
A005-P1	50.009	A005-P1-BG2-THK-MEAS	13	55.8
A005-P1	50.010	A005-P1-BG2-WARP-MEAS	1	5.16
A005-P1	50.010	A005-P1-BG2-WARP-MEAS	2	8.88
A005-P1	50.010	A005-P1-BG2-WARP-MEAS	3	12.6
A005-P1	50.010	A005-P1-BG2-WARP-MEAS	4	16.32
A005-P1	50.010	A005-P1-BG2-WARP-MEAS	5	20.04
A005-P1	50.010	A005-P1-BG2-WARP-MEAS	6	23.76
A005-P1	50.010	A005-P1-BG2-WARP-MEAS	7	27.48
A005-P1	50.010	A005-P1-BG2-WARP-MEAS	8	31.2
A005-P1	50.010	A005-P1-BG2-WARP-MEAS	9	34.92
A005-P1	50.010	A005-P1-BG2-WARP-MEAS	10	38.64
A005-P1	50.010	A005-P1-BG2-WARP-MEAS	11	42.36
A005-P1	50.010	A005-P1-BG2-WARP-MEAS	12	46.08
A005-P1	50.010	A005-P1-BG2-WARP-MEAS	13	49.8
A005-P1	50.011	A005-P1-BG2-TOPTHK-MEAS	1	5.64
A005-P1	50.011	A005-P1-BG2-TOPTHK-MEAS	2	8.52
A005-P1	50.011	A005-P1-BG2-TOPTHK-MEAS	3	11.4
A005-P1	50.011	A005-P1-BG2-TOPTHK-MEAS	4	14.28
A005-P1	50.011	A005-P1-BG2-TOPTHK-MEAS	5	17.16
A005-P1	50.011	A005-P1-BG2-TOPTHK-MEAS	6	20.04
A005-P1	50.011	A005-P1-BG2-TOPTHK-MEAS	7	22.92
A005-P1	50.011	A005-P1-BG2-TOPTHK-MEAS	8	25.8
A005-P1	50.011	A005-P1-BG2-TOPTHK-MEAS	9	28.56
A005-P1	50.011	A005-P1-BG2-TOPTHK-MEAS	10	31.32
A005-P1	50.011	A005-P1-BG2-TOPTHK-MEAS	11	34.08
A005-P1	50.011	A005-P1-BG2-TOPTHK-MEAS	12	36.84
A005-P1	50.011	A005-P1-BG2-TOPTHK-MEAS	13	39.6
A005-P1	50.012	A005-P1-BG2-GAP-MEAS	1	12.24
A005-P1	50.012	A005-P1-BG2-GAP-MEAS	2	18.72
A005-P1	50.012	A005-P1-BG2-GAP-MEAS	3	25.2
A005-P1	50.012	A005-P1-BG2-GAP-MEAS	4	31.68
A005-P1	50.012	A005-P1-BG2-GAP-MEAS	5	38.16
A005-P1	50.012	A005-P1-BG2-GAP-MEAS	6	44.64
A005-P1	50.012	A005-P1-BG2-GAP-MEAS	7	51.12
A005-P1	50.012	A005-P1-BG2-GAP-MEAS	8	57.6
A005-P1	50.012	A005-P1-BG2-GAP-MEAS	9	64.08
A005-P1	50.012	A005-P1-BG2-GAP-MEAS	10	70.56
A005-P1	50.012	A005-P1-BG2-GAP-MEAS	11	77.04
A005-P1	50.012	A005-P1-BG2-GAP-MEAS	12	83.52
A005-P1	50.012	A005-P1-BG2-GAP-MEAS	13	90.0
A005-P1	50.013	A005-P1-BG2-UNIT-MARKING	1	6.72
A005-P1	50.013	A005-P1-BG2-UNIT-MARKING	2	11.76
A005-P1	50.013	A005-P1-BG2-UNIT-MARKING	3	16.8
A005-P1	50.013	A005-P1-BG2-UNIT-MARKING	4	21.84
A005-P1	50.013	A005-P1-BG2-UNIT-MARKING	5	26.88
A005-P1	50.013	A005-P1-BG2-UNIT-MARKING	6	31.92
A005-P1	50.013	A005-P1-BG2-UNIT-MARKING	7	36.96
A005-P1	50.013	A005-P1-BG2-UNIT-MARKING	8	42.0
A005-P1	50.013	A005-P1-BG2-UNIT-MARKING	9	46.92
A005-P1	50.013	A005-P1-BG2-UNIT-MARKING	10	51.84
A005-P1	50.013	A005-P1-BG2-UNIT-MARKING	11	56.76
A005-P1	50.013	A005-P1-BG2-UNIT-MARKING	12	61.68
A005-P1	50.013	A005-P1-BG2-UNIT-MARKING	13	66.6
A005-P1	50.014	A005-P1-BG2-DEPTH-SHIFT-MEAS	1	56.88
A005-P1	50.014	A005-P1-BG2-DEPTH-SHIFT-MEAS	2	60.24
A005-P1	50.014	A005-P1-BG2-DEPTH-SHIFT-MEAS	3	63.6
A005-P1	50.014	A005-P1-BG2-DEPTH-SHIFT-MEAS	4	66.96
A005-P1	50.014	A005-P1-BG2-DEPTH-SHIFT-MEAS	5	70.32
A005-P1	50.014	A005-P1-BG2-DEPTH-SHIFT-MEAS	6	73.68
A005-P1	50.014	A005-P1-BG2-DEPTH-SHIFT-MEAS	7	77.04
A005-P1	50.014	A005-P1-BG2-DEPTH-SHIFT-MEAS	8	80.4
A005-P1	50.014	A005-P1-BG2-DEPTH-SHIFT-MEAS	9	83.76
A005-P1	50.014	A005-P1-BG2-DEPTH-SHIFT-MEAS	10	87.12
A005-P1	50.014	A005-P1-BG2-DEPTH-SHIFT-MEAS	11	90.48
A005-P1	50.014	A005-P1-BG2-DEPTH-SHIFT-MEAS	12	93.84
A005-P1	50.014	A005-P1-BG2-DEPTH-SHIFT-MEAS	13	97.2
A005-P1	50.015	A005-P1-BG2-2D-SCAN	1	7.92
A005-P1	50.015	A005-P1-BG2-2D-SCAN	2	15.96
A005-P1	50.015	A005-P1-BG2-2D-SCAN	3	24.0
A005-P1	50.015	A005-P1-BG2-2D-SCAN	4	32.04
A005-P1	50.015	A005-P1-BG2-2D-SCAN	5	40.08
A005-P1	50.015	A005-P1-BG2-2D-SCAN	6	48.12
A005-P1	50.015	A005-P1-BG2-2D-SCAN	7	56.16
A005-P1	50.015	A005-P1-BG2-2D-SCAN	8	64.2
A005-P1	50.015	A005-P1-BG2-2D-SCAN	9	72.24
A005-P1	50.015	A005-P1-BG2-2D-SCAN	10	80.28
A005-P1	50.015	A005-P1-BG2-2D-SCAN	11	88.32
A005-P1	50.015	A005-P1-BG2-2D-SCAN	12	96.36
A005-P1	50.015	A005-P1-BG2-2D-SCAN	13	104.4
A005-P1	50.016	A005-P1-BG2-DATA-REVIEW1	1	20.04
A005-P1	50.016	A005-P1-BG2-DATA-REVIEW1	2	28.92
A005-P1	50.016	A005-P1-BG2-DATA-REVIEW1	3	37.8
A005-P1	50.016	A005-P1-BG2-DATA-REVIEW1	4	46.68
A005-P1	50.016	A005-P1-BG2-DATA-REVIEW1	5	55.56
A005-P1	50.016	A005-P1-BG2-DATA-REVIEW1	6	64.44
A005-P1	50.016	A005-P1-BG2-DATA-REVIEW1	7	73.32
A005-P1	50.016	A005-P1-BG2-DATA-REVIEW1	8	82.2
A005-P1	50.016	A005-P1-BG2-DATA-REVIEW1	9	90.96
A005-P1	50.016	A005-P1-BG2-DATA-REVIEW1	10	99.72
A005-P1	50.016	A005-P1-BG2-DATA-REVIEW1	11	108.48
A005-P1	50.016	A005-P1-BG2-DATA-REVIEW1	12	117.24
A005-P1	50.016	A005-P1-BG2-DATA-REVIEW1	13	126.0
A005-P1	50.017	A005-P1-BG2-INSP2	1	2.76
A005-P1	50.017	A005-P1-BG2-INSP2	2	4.08
A005-P1	50.017	A005-P1-BG2-INSP2	3	5.4
A005-P1	50.017	A005-P1-BG2-INSP2	4	6.72
A005-P1	50.017	A005-P1-BG2-INSP2	5	8.04
A005-P1	50.017	A005-P1-BG2-INSP2	6	9.36
A005-P1	50.017	A005-P1-BG2-INSP2	7	10.68
A005-P1	50.017	A005-P1-BG2-INSP2	8	12.0
A005-P1	50.017	A005-P1-BG2-INSP2	9	13.32
A005-P1	50.017	A005-P1-BG2-INSP2	10	14.64
A005-P1	50.017	A005-P1-BG2-INSP2	11	15.96
A005-P1	50.017	A005-P1-BG2-INSP2	12	17.28
A005-P1	50.017	A005-P1-BG2-INSP2	13	18.6
A005-P1	50.018	A005-P1-BG2-INSP2-REV	1	4.92
A005-P1	50.018	A005-P1-BG2-INSP2-REV	2	5.16
A005-P1	50.018	A005-P1-BG2-INSP2-REV	3	5.4
A005-P1	50.018	A005-P1-BG2-INSP2-REV	4	5.64
A005-P1	50.018	A005-P1-BG2-INSP2-REV	5	5.88
A005-P1	50.018	A005-P1-BG2-INSP2-REV	6	6.12
A005-P1	50.018	A005-P1-BG2-INSP2-REV	7	6.36
A005-P1	50.018	A005-P1-BG2-INSP2-REV	8	6.6
A005-P1	50.018	A005-P1-BG2-INSP2-REV	9	6.96
A005-P1	50.018	A005-P1-BG2-INSP2-REV	10	7.32
A005-P1	50.018	A005-P1-BG2-INSP2-REV	11	7.68
A005-P1	50.018	A005-P1-BG2-INSP2-REV	12	8.04
A005-P1	50.018	A005-P1-BG2-INSP2-REV	13	8.4
A005-P1	60.001	A005-P1-TRIM2-TRIMMING	1	29.52
A005-P1	60.001	A005-P1-TRIM2-TRIMMING	2	56.16
A005-P1	60.001	A005-P1-TRIM2-TRIMMING	3	82.8
A005-P1	60.001	A005-P1-TRIM2-TRIMMING	4	109.44
A005-P1	60.001	A005-P1-TRIM2-TRIMMING	5	136.08
A005-P1	60.001	A005-P1-TRIM2-TRIMMING	6	162.72
A005-P1	60.001	A005-P1-TRIM2-TRIMMING	7	189.36
A005-P1	60.001	A005-P1-TRIM2-TRIMMING	8	216.0
A005-P1	60.001	A005-P1-TRIM2-TRIMMING	9	242.64
A005-P1	60.001	A005-P1-TRIM2-TRIMMING	10	269.28
A005-P1	60.001	A005-P1-TRIM2-TRIMMING	11	295.92
A005-P1	60.001	A005-P1-TRIM2-TRIMMING	12	322.56
A005-P1	60.001	A005-P1-TRIM2-TRIMMING	13	349.2
A005-P1	60.002	A005-P1-TRIM2-CHIPPING-INSP	1	2.16
A005-P1	60.002	A005-P1-TRIM2-CHIPPING-INSP	2	2.88
A005-P1	60.002	A005-P1-TRIM2-CHIPPING-INSP	3	3.6
A005-P1	60.002	A005-P1-TRIM2-CHIPPING-INSP	4	4.32
A005-P1	60.002	A005-P1-TRIM2-CHIPPING-INSP	5	5.04
A005-P1	60.002	A005-P1-TRIM2-CHIPPING-INSP	6	5.76
A005-P1	60.002	A005-P1-TRIM2-CHIPPING-INSP	7	6.48
A005-P1	60.002	A005-P1-TRIM2-CHIPPING-INSP	8	7.2
A005-P1	60.002	A005-P1-TRIM2-CHIPPING-INSP	9	8.04
A005-P1	60.002	A005-P1-TRIM2-CHIPPING-INSP	10	8.88
A005-P1	60.002	A005-P1-TRIM2-CHIPPING-INSP	11	9.72
A005-P1	60.002	A005-P1-TRIM2-CHIPPING-INSP	12	10.56
A005-P1	60.002	A005-P1-TRIM2-CHIPPING-INSP	13	11.4
A005-P1	60.003	A005-P1-TRIM2-CHIPPING-INSP-REV	1	4.56
A005-P1	60.003	A005-P1-TRIM2-CHIPPING-INSP-REV	2	4.68
A005-P1	60.003	A005-P1-TRIM2-CHIPPING-INSP-REV	3	4.8
A005-P1	60.003	A005-P1-TRIM2-CHIPPING-INSP-REV	4	4.92
A005-P1	60.003	A005-P1-TRIM2-CHIPPING-INSP-REV	5	5.04
A005-P1	60.003	A005-P1-TRIM2-CHIPPING-INSP-REV	6	5.16
A005-P1	60.003	A005-P1-TRIM2-CHIPPING-INSP-REV	7	5.28
A005-P1	60.003	A005-P1-TRIM2-CHIPPING-INSP-REV	8	5.4
A005-P1	60.003	A005-P1-TRIM2-CHIPPING-INSP-REV	9	5.4
A005-P1	60.003	A005-P1-TRIM2-CHIPPING-INSP-REV	10	5.4
A005-P1	60.003	A005-P1-TRIM2-CHIPPING-INSP-REV	11	5.4
A005-P1	60.003	A005-P1-TRIM2-CHIPPING-INSP-REV	12	5.4
A005-P1	60.003	A005-P1-TRIM2-CHIPPING-INSP-REV	13	5.4
A005-P1	60.004	A005-P1-TRIM2-WIDTH-DEPTH-MEAS1	1	3.24
A005-P1	60.004	A005-P1-TRIM2-WIDTH-DEPTH-MEAS1	2	4.32
A005-P1	60.004	A005-P1-TRIM2-WIDTH-DEPTH-MEAS1	3	5.4
A005-P1	60.004	A005-P1-TRIM2-WIDTH-DEPTH-MEAS1	4	6.48
A005-P1	60.004	A005-P1-TRIM2-WIDTH-DEPTH-MEAS1	5	7.56
A005-P1	60.004	A005-P1-TRIM2-WIDTH-DEPTH-MEAS1	6	8.64
A005-P1	60.004	A005-P1-TRIM2-WIDTH-DEPTH-MEAS1	7	9.72
A005-P1	60.004	A005-P1-TRIM2-WIDTH-DEPTH-MEAS1	8	10.8
A005-P1	60.004	A005-P1-TRIM2-WIDTH-DEPTH-MEAS1	9	11.76
A005-P1	60.004	A005-P1-TRIM2-WIDTH-DEPTH-MEAS1	10	12.72
A005-P1	60.004	A005-P1-TRIM2-WIDTH-DEPTH-MEAS1	11	13.68
A005-P1	60.004	A005-P1-TRIM2-WIDTH-DEPTH-MEAS1	12	14.64
A005-P1	60.004	A005-P1-TRIM2-WIDTH-DEPTH-MEAS1	13	15.6
A005-P1	60.005	A005-P1-TRIM2-DIA-MEAS	1	9.96
A005-P1	60.005	A005-P1-TRIM2-DIA-MEAS	2	10.68
A005-P1	60.005	A005-P1-TRIM2-DIA-MEAS	3	11.4
A005-P1	60.005	A005-P1-TRIM2-DIA-MEAS	4	12.12
A005-P1	60.005	A005-P1-TRIM2-DIA-MEAS	5	12.84
A005-P1	60.005	A005-P1-TRIM2-DIA-MEAS	6	13.56
A005-P1	60.005	A005-P1-TRIM2-DIA-MEAS	7	14.28
A005-P1	60.005	A005-P1-TRIM2-DIA-MEAS	8	15.0
A005-P1	60.005	A005-P1-TRIM2-DIA-MEAS	9	15.6
A005-P1	60.005	A005-P1-TRIM2-DIA-MEAS	10	16.2
A005-P1	60.005	A005-P1-TRIM2-DIA-MEAS	11	16.8
A005-P1	60.005	A005-P1-TRIM2-DIA-MEAS	12	17.4
A005-P1	60.005	A005-P1-TRIM2-DIA-MEAS	13	18.0
A005-P1	60.006	A005-P1-TRIM2-NOTCH-CUTTING	1	10.68
A005-P1	60.006	A005-P1-TRIM2-NOTCH-CUTTING	2	15.24
A005-P1	60.006	A005-P1-TRIM2-NOTCH-CUTTING	3	19.8
A005-P1	60.006	A005-P1-TRIM2-NOTCH-CUTTING	4	24.36
A005-P1	60.006	A005-P1-TRIM2-NOTCH-CUTTING	5	28.92
A005-P1	60.006	A005-P1-TRIM2-NOTCH-CUTTING	6	33.48
A005-P1	60.006	A005-P1-TRIM2-NOTCH-CUTTING	7	38.04
A005-P1	60.006	A005-P1-TRIM2-NOTCH-CUTTING	8	42.6
A005-P1	60.006	A005-P1-TRIM2-NOTCH-CUTTING	9	47.04
A005-P1	60.006	A005-P1-TRIM2-NOTCH-CUTTING	10	51.48
A005-P1	60.006	A005-P1-TRIM2-NOTCH-CUTTING	11	55.92
A005-P1	60.006	A005-P1-TRIM2-NOTCH-CUTTING	12	60.36
A005-P1	60.006	A005-P1-TRIM2-NOTCH-CUTTING	13	64.8
A005-P1	60.007	A005-P1-TRIM2-WIDTH-DEPTH-MEAS2	1	9.48
A005-P1	60.007	A005-P1-TRIM2-WIDTH-DEPTH-MEAS2	2	10.44
A005-P1	60.007	A005-P1-TRIM2-WIDTH-DEPTH-MEAS2	3	11.4
A005-P1	60.007	A005-P1-TRIM2-WIDTH-DEPTH-MEAS2	4	12.36
A005-P1	60.007	A005-P1-TRIM2-WIDTH-DEPTH-MEAS2	5	13.32
A005-P1	60.007	A005-P1-TRIM2-WIDTH-DEPTH-MEAS2	6	14.28
A005-P1	60.007	A005-P1-TRIM2-WIDTH-DEPTH-MEAS2	7	15.24
A005-P1	60.007	A005-P1-TRIM2-WIDTH-DEPTH-MEAS2	8	16.2
A005-P1	60.007	A005-P1-TRIM2-WIDTH-DEPTH-MEAS2	9	17.16
A005-P1	60.007	A005-P1-TRIM2-WIDTH-DEPTH-MEAS2	10	18.12
A005-P1	60.007	A005-P1-TRIM2-WIDTH-DEPTH-MEAS2	11	19.08
A005-P1	60.007	A005-P1-TRIM2-WIDTH-DEPTH-MEAS2	12	20.04
A005-P1	60.007	A005-P1-TRIM2-WIDTH-DEPTH-MEAS2	13	21.0
A005-P1	60.008	A005-P1-TRIM2-INSP	1	1.32
A005-P1	60.008	A005-P1-TRIM2-INSP	2	2.16
A005-P1	60.008	A005-P1-TRIM2-INSP	3	3.0
A005-P1	60.008	A005-P1-TRIM2-INSP	4	3.84
A005-P1	60.008	A005-P1-TRIM2-INSP	5	4.68
A005-P1	60.008	A005-P1-TRIM2-INSP	6	5.52
A005-P1	60.008	A005-P1-TRIM2-INSP	7	6.36
A005-P1	60.008	A005-P1-TRIM2-INSP	8	7.2
A005-P1	60.008	A005-P1-TRIM2-INSP	9	7.92
A005-P1	60.008	A005-P1-TRIM2-INSP	10	8.64
A005-P1	60.008	A005-P1-TRIM2-INSP	11	9.36
A005-P1	60.008	A005-P1-TRIM2-INSP	12	10.08
A005-P1	60.008	A005-P1-TRIM2-INSP	13	10.8
A005-P1	60.009	A005-P1-TRIM2-INSP-REV	1	4.2
A005-P1	60.009	A005-P1-TRIM2-INSP-REV	2	4.2
A005-P1	60.009	A005-P1-TRIM2-INSP-REV	3	4.2
A005-P1	60.009	A005-P1-TRIM2-INSP-REV	4	4.2
A005-P1	60.009	A005-P1-TRIM2-INSP-REV	5	4.2
A005-P1	60.009	A005-P1-TRIM2-INSP-REV	6	4.2
A005-P1	60.009	A005-P1-TRIM2-INSP-REV	7	4.2
A005-P1	60.009	A005-P1-TRIM2-INSP-REV	8	4.2
A005-P1	60.009	A005-P1-TRIM2-INSP-REV	9	4.2
A005-P1	60.009	A005-P1-TRIM2-INSP-REV	10	4.2
A005-P1	60.009	A005-P1-TRIM2-INSP-REV	11	4.2
A005-P1	60.009	A005-P1-TRIM2-INSP-REV	12	4.2
A005-P1	60.009	A005-P1-TRIM2-INSP-REV	13	4.2
A005-P1	70.001	A005-P1-DB2-SORT	1	1.68
A005-P1	70.001	A005-P1-DB2-SORT	2	2.64
A005-P1	70.001	A005-P1-DB2-SORT	3	3.6
A005-P1	70.001	A005-P1-DB2-SORT	4	4.56
A005-P1	70.001	A005-P1-DB2-SORT	5	5.52
A005-P1	70.001	A005-P1-DB2-SORT	6	6.48
A005-P1	70.001	A005-P1-DB2-SORT	7	7.44
A005-P1	70.001	A005-P1-DB2-SORT	8	8.4
A005-P1	70.001	A005-P1-DB2-SORT	9	9.24
A005-P1	70.001	A005-P1-DB2-SORT	10	10.08
A005-P1	70.001	A005-P1-DB2-SORT	11	10.92
A005-P1	70.001	A005-P1-DB2-SORT	12	11.76
A005-P1	70.001	A005-P1-DB2-SORT	13	12.6
A005-P1	70.002	A005-P1-DB2-DEBONDING	1	27.72
A005-P1	70.002	A005-P1-DB2-DEBONDING	2	39.36
A005-P1	70.002	A005-P1-DB2-DEBONDING	3	51.0
A005-P1	70.002	A005-P1-DB2-DEBONDING	4	62.64
A005-P1	70.002	A005-P1-DB2-DEBONDING	5	74.28
A005-P1	70.002	A005-P1-DB2-DEBONDING	6	85.92
A005-P1	70.002	A005-P1-DB2-DEBONDING	7	97.56
A005-P1	70.002	A005-P1-DB2-DEBONDING	8	109.2
A005-P1	70.002	A005-P1-DB2-DEBONDING	9	120.84
A005-P1	70.002	A005-P1-DB2-DEBONDING	10	132.48
A005-P1	70.002	A005-P1-DB2-DEBONDING	11	144.12
A005-P1	70.002	A005-P1-DB2-DEBONDING	12	155.76
A005-P1	70.002	A005-P1-DB2-DEBONDING	13	167.4
A005-P1	70.003	A005-P1-DB2-DES	1	14.16
A005-P1	70.003	A005-P1-DB2-DES	2	18.48
A005-P1	70.003	A005-P1-DB2-DES	3	22.8
A005-P1	70.003	A005-P1-DB2-DES	4	27.12
A005-P1	70.003	A005-P1-DB2-DES	5	31.44
A005-P1	70.003	A005-P1-DB2-DES	6	35.76
A005-P1	70.003	A005-P1-DB2-DES	7	40.08
A005-P1	70.003	A005-P1-DB2-DES	8	44.4
A005-P1	70.003	A005-P1-DB2-DES	9	48.84
A005-P1	70.003	A005-P1-DB2-DES	10	53.28
A005-P1	70.003	A005-P1-DB2-DES	11	57.72
A005-P1	70.003	A005-P1-DB2-DES	12	62.16
A005-P1	70.003	A005-P1-DB2-DES	13	66.6
A005-P1	70.004	A005-P1-DB2-BUFFER-ETCH	1	15.24
A005-P1	70.004	A005-P1-DB2-BUFFER-ETCH	2	30.12
A005-P1	70.004	A005-P1-DB2-BUFFER-ETCH	3	45.0
A005-P1	70.004	A005-P1-DB2-BUFFER-ETCH	4	59.88
A005-P1	70.004	A005-P1-DB2-BUFFER-ETCH	5	74.76
A005-P1	70.004	A005-P1-DB2-BUFFER-ETCH	6	89.64
A005-P1	70.004	A005-P1-DB2-BUFFER-ETCH	7	104.52
A005-P1	70.004	A005-P1-DB2-BUFFER-ETCH	8	119.4
A005-P1	70.004	A005-P1-DB2-BUFFER-ETCH	9	134.28
A005-P1	70.004	A005-P1-DB2-BUFFER-ETCH	10	149.16
A005-P1	70.004	A005-P1-DB2-BUFFER-ETCH	11	164.04
A005-P1	70.004	A005-P1-DB2-BUFFER-ETCH	12	178.92
A005-P1	70.004	A005-P1-DB2-BUFFER-ETCH	13	193.8
A005-P1	70.005	A005-P1-DB2-BUFFER-ETCH-INSP	1	2.64
A005-P1	70.005	A005-P1-DB2-BUFFER-ETCH-INSP	2	3.72
A005-P1	70.005	A005-P1-DB2-BUFFER-ETCH-INSP	3	4.8
A005-P1	70.005	A005-P1-DB2-BUFFER-ETCH-INSP	4	5.88
A005-P1	70.005	A005-P1-DB2-BUFFER-ETCH-INSP	5	6.96
A005-P1	70.005	A005-P1-DB2-BUFFER-ETCH-INSP	6	8.04
A005-P1	70.005	A005-P1-DB2-BUFFER-ETCH-INSP	7	9.12
A005-P1	70.005	A005-P1-DB2-BUFFER-ETCH-INSP	8	10.2
A005-P1	70.005	A005-P1-DB2-BUFFER-ETCH-INSP	9	11.28
A005-P1	70.005	A005-P1-DB2-BUFFER-ETCH-INSP	10	12.36
A005-P1	70.005	A005-P1-DB2-BUFFER-ETCH-INSP	11	13.44
A005-P1	70.005	A005-P1-DB2-BUFFER-ETCH-INSP	12	14.52
A005-P1	70.005	A005-P1-DB2-BUFFER-ETCH-INSP	13	15.6
A005-P1	70.006	A005-P1-DB2-BUFFER-ETCH-INSP-REV	1	5.04
A005-P1	70.006	A005-P1-DB2-BUFFER-ETCH-INSP-REV	2	7.32
A005-P1	70.006	A005-P1-DB2-BUFFER-ETCH-INSP-REV	3	9.6
A005-P1	70.006	A005-P1-DB2-BUFFER-ETCH-INSP-REV	4	11.88
A005-P1	70.006	A005-P1-DB2-BUFFER-ETCH-INSP-REV	5	14.16
A005-P1	70.006	A005-P1-DB2-BUFFER-ETCH-INSP-REV	6	16.44
A005-P1	70.006	A005-P1-DB2-BUFFER-ETCH-INSP-REV	7	18.72
A005-P1	70.006	A005-P1-DB2-BUFFER-ETCH-INSP-REV	8	21.0
A005-P1	70.006	A005-P1-DB2-BUFFER-ETCH-INSP-REV	9	23.16
A005-P1	70.006	A005-P1-DB2-BUFFER-ETCH-INSP-REV	10	25.32
A005-P1	70.006	A005-P1-DB2-BUFFER-ETCH-INSP-REV	11	27.48
A005-P1	70.006	A005-P1-DB2-BUFFER-ETCH-INSP-REV	12	29.64
A005-P1	70.006	A005-P1-DB2-BUFFER-ETCH-INSP-REV	13	31.8
A005-P1	70.007	A005-P1-DB2-CLEAN	1	43.08
A005-P1	70.007	A005-P1-DB2-CLEAN	2	71.64
A005-P1	70.007	A005-P1-DB2-CLEAN	3	100.2
A005-P1	70.007	A005-P1-DB2-CLEAN	4	128.76
A005-P1	70.007	A005-P1-DB2-CLEAN	5	157.32
A005-P1	70.007	A005-P1-DB2-CLEAN	6	185.88
A005-P1	70.007	A005-P1-DB2-CLEAN	7	214.44
A005-P1	70.007	A005-P1-DB2-CLEAN	8	243.0
A005-P1	70.007	A005-P1-DB2-CLEAN	9	271.44
A005-P1	70.007	A005-P1-DB2-CLEAN	10	299.88
A005-P1	70.007	A005-P1-DB2-CLEAN	11	328.32
A005-P1	70.007	A005-P1-DB2-CLEAN	12	356.76
A005-P1	70.007	A005-P1-DB2-CLEAN	13	385.2
A005-P1	70.008	A005-P1-DB2-OMINSP	1	4.2
A005-P1	70.008	A005-P1-DB2-OMINSP	2	5.4
A005-P1	70.008	A005-P1-DB2-OMINSP	3	6.6
A005-P1	70.008	A005-P1-DB2-OMINSP	4	7.8
A005-P1	70.008	A005-P1-DB2-OMINSP	5	9.0
A005-P1	70.008	A005-P1-DB2-OMINSP	6	10.2
A005-P1	70.008	A005-P1-DB2-OMINSP	7	11.4
A005-P1	70.008	A005-P1-DB2-OMINSP	8	12.6
A005-P1	70.008	A005-P1-DB2-OMINSP	9	13.92
A005-P1	70.008	A005-P1-DB2-OMINSP	10	15.24
A005-P1	70.008	A005-P1-DB2-OMINSP	11	16.56
A005-P1	70.008	A005-P1-DB2-OMINSP	12	17.88
A005-P1	70.008	A005-P1-DB2-OMINSP	13	19.2
A005-P1	70.009	A005-P1-DB2-OMINSP-REV	1	5.52
A005-P1	70.009	A005-P1-DB2-OMINSP-REV	2	11.16
A005-P1	70.009	A005-P1-DB2-OMINSP-REV	3	16.8
A005-P1	70.009	A005-P1-DB2-OMINSP-REV	4	22.44
A005-P1	70.009	A005-P1-DB2-OMINSP-REV	5	28.08
A005-P1	70.009	A005-P1-DB2-OMINSP-REV	6	33.72
A005-P1	70.009	A005-P1-DB2-OMINSP-REV	7	39.36
A005-P1	70.009	A005-P1-DB2-OMINSP-REV	8	45.0
A005-P1	70.009	A005-P1-DB2-OMINSP-REV	9	50.64
A005-P1	70.009	A005-P1-DB2-OMINSP-REV	10	56.28
A005-P1	70.009	A005-P1-DB2-OMINSP-REV	11	61.92
A005-P1	70.009	A005-P1-DB2-OMINSP-REV	12	67.56
A005-P1	70.009	A005-P1-DB2-OMINSP-REV	13	73.2
A005-P1	70.010	A005-P1-DB2-WPGMEAS	1	5.28
A005-P1	70.010	A005-P1-DB2-WPGMEAS	2	8.64
A005-P1	70.010	A005-P1-DB2-WPGMEAS	3	12.0
A005-P1	70.010	A005-P1-DB2-WPGMEAS	4	15.36
A005-P1	70.010	A005-P1-DB2-WPGMEAS	5	18.72
A005-P1	70.010	A005-P1-DB2-WPGMEAS	6	22.08
A005-P1	70.010	A005-P1-DB2-WPGMEAS	7	25.44
A005-P1	70.010	A005-P1-DB2-WPGMEAS	8	28.8
A005-P1	70.010	A005-P1-DB2-WPGMEAS	9	32.04
A005-P1	70.010	A005-P1-DB2-WPGMEAS	10	35.28
A005-P1	70.010	A005-P1-DB2-WPGMEAS	11	38.52
A005-P1	70.010	A005-P1-DB2-WPGMEAS	12	41.76
A005-P1	70.010	A005-P1-DB2-WPGMEAS	13	45.0
A005-P1	70.011	A005-P1-TRIM3-TRIMING	1	19.56
A005-P1	70.011	A005-P1-TRIM3-TRIMING	2	29.28
A005-P1	70.011	A005-P1-TRIM3-TRIMING	3	39.0
A005-P1	70.011	A005-P1-TRIM3-TRIMING	4	48.72
A005-P1	70.011	A005-P1-TRIM3-TRIMING	5	58.44
A005-P1	70.011	A005-P1-TRIM3-TRIMING	6	68.16
A005-P1	70.011	A005-P1-TRIM3-TRIMING	7	77.88
A005-P1	70.011	A005-P1-TRIM3-TRIMING	8	87.6
A005-P1	70.011	A005-P1-TRIM3-TRIMING	9	97.44
A005-P1	70.011	A005-P1-TRIM3-TRIMING	10	107.28
A005-P1	70.011	A005-P1-TRIM3-TRIMING	11	117.12
A005-P1	70.011	A005-P1-TRIM3-TRIMING	12	126.96
A005-P1	70.011	A005-P1-TRIM3-TRIMING	13	136.8
A005-P1	70.012	A005-P1-TRIM3-WIDTH-DEPTH-MEAS	1	9.0
A005-P1	70.012	A005-P1-TRIM3-WIDTH-DEPTH-MEAS	2	14.4
A005-P1	70.012	A005-P1-TRIM3-WIDTH-DEPTH-MEAS	3	19.8
A005-P1	70.012	A005-P1-TRIM3-WIDTH-DEPTH-MEAS	4	25.2
A005-P1	70.012	A005-P1-TRIM3-WIDTH-DEPTH-MEAS	5	30.6
A005-P1	70.012	A005-P1-TRIM3-WIDTH-DEPTH-MEAS	6	36.0
A005-P1	70.012	A005-P1-TRIM3-WIDTH-DEPTH-MEAS	7	41.4
A005-P1	70.012	A005-P1-TRIM3-WIDTH-DEPTH-MEAS	8	46.8
A005-P1	70.012	A005-P1-TRIM3-WIDTH-DEPTH-MEAS	9	52.08
A005-P1	70.012	A005-P1-TRIM3-WIDTH-DEPTH-MEAS	10	57.36
A005-P1	70.012	A005-P1-TRIM3-WIDTH-DEPTH-MEAS	11	62.64
A005-P1	70.012	A005-P1-TRIM3-WIDTH-DEPTH-MEAS	12	67.92
A005-P1	70.012	A005-P1-TRIM3-WIDTH-DEPTH-MEAS	13	73.2
A005-P1	70.013	A005-P1-TRIM3-CHIPPING-INSP	1	0.96
A005-P1	70.013	A005-P1-TRIM3-CHIPPING-INSP	2	1.68
A005-P1	70.013	A005-P1-TRIM3-CHIPPING-INSP	3	2.4
A005-P1	70.013	A005-P1-TRIM3-CHIPPING-INSP	4	3.12
A005-P1	70.013	A005-P1-TRIM3-CHIPPING-INSP	5	3.84
A005-P1	70.013	A005-P1-TRIM3-CHIPPING-INSP	6	4.56
A005-P1	70.013	A005-P1-TRIM3-CHIPPING-INSP	7	5.28
A005-P1	70.013	A005-P1-TRIM3-CHIPPING-INSP	8	6.0
A005-P1	70.013	A005-P1-TRIM3-CHIPPING-INSP	9	6.6
A005-P1	70.013	A005-P1-TRIM3-CHIPPING-INSP	10	7.2
A005-P1	70.013	A005-P1-TRIM3-CHIPPING-INSP	11	7.8
A005-P1	70.013	A005-P1-TRIM3-CHIPPING-INSP	12	8.4
A005-P1	70.013	A005-P1-TRIM3-CHIPPING-INSP	13	9.0
A005-P1	70.014	A005-P1-TRIM3-CHIPPING-INSP-REV	1	3.96
A005-P1	70.014	A005-P1-TRIM3-CHIPPING-INSP-REV	2	5.28
A005-P1	70.014	A005-P1-TRIM3-CHIPPING-INSP-REV	3	6.6
A005-P1	70.014	A005-P1-TRIM3-CHIPPING-INSP-REV	4	7.92
A005-P1	70.014	A005-P1-TRIM3-CHIPPING-INSP-REV	5	9.24
A005-P1	70.014	A005-P1-TRIM3-CHIPPING-INSP-REV	6	10.56
A005-P1	70.014	A005-P1-TRIM3-CHIPPING-INSP-REV	7	11.88
A005-P1	70.014	A005-P1-TRIM3-CHIPPING-INSP-REV	8	13.2
A005-P1	70.014	A005-P1-TRIM3-CHIPPING-INSP-REV	9	14.64
A005-P1	70.014	A005-P1-TRIM3-CHIPPING-INSP-REV	10	16.08
A005-P1	70.014	A005-P1-TRIM3-CHIPPING-INSP-REV	11	17.52
A005-P1	70.014	A005-P1-TRIM3-CHIPPING-INSP-REV	12	18.96
A005-P1	70.014	A005-P1-TRIM3-CHIPPING-INSP-REV	13	20.4
A005-P1	70.015	A005-P1-DB2-SCRB	1	6.84
A005-P1	70.015	A005-P1-DB2-SCRB	2	12.72
A005-P1	70.015	A005-P1-DB2-SCRB	3	18.6
A005-P1	70.015	A005-P1-DB2-SCRB	4	24.48
A005-P1	70.015	A005-P1-DB2-SCRB	5	30.36
A005-P1	70.015	A005-P1-DB2-SCRB	6	36.24
A005-P1	70.015	A005-P1-DB2-SCRB	7	42.12
A005-P1	70.015	A005-P1-DB2-SCRB	8	48.0
A005-P1	70.015	A005-P1-DB2-SCRB	9	53.88
A005-P1	70.015	A005-P1-DB2-SCRB	10	59.76
A005-P1	70.015	A005-P1-DB2-SCRB	11	65.64
A005-P1	70.015	A005-P1-DB2-SCRB	12	71.52
A005-P1	70.015	A005-P1-DB2-SCRB	13	77.4
A005-P1	70.016	A005-P1-TRIM3-EDGE-2D-SCAN	1	3.36
A005-P1	70.016	A005-P1-TRIM3-EDGE-2D-SCAN	2	5.28
A005-P1	70.016	A005-P1-TRIM3-EDGE-2D-SCAN	3	7.2
A005-P1	70.016	A005-P1-TRIM3-EDGE-2D-SCAN	4	9.12
A005-P1	70.016	A005-P1-TRIM3-EDGE-2D-SCAN	5	11.04
A005-P1	70.016	A005-P1-TRIM3-EDGE-2D-SCAN	6	12.96
A005-P1	70.016	A005-P1-TRIM3-EDGE-2D-SCAN	7	14.88
A005-P1	70.016	A005-P1-TRIM3-EDGE-2D-SCAN	8	16.8
A005-P1	70.016	A005-P1-TRIM3-EDGE-2D-SCAN	9	18.84
A005-P1	70.016	A005-P1-TRIM3-EDGE-2D-SCAN	10	20.88
A005-P1	70.016	A005-P1-TRIM3-EDGE-2D-SCAN	11	22.92
A005-P1	70.016	A005-P1-TRIM3-EDGE-2D-SCAN	12	24.96
A005-P1	70.016	A005-P1-TRIM3-EDGE-2D-SCAN	13	27.0
A005-P1	70.017	A005-P1-TRIM3-EDGE-DATA-REVIEW	1	13.8
A005-P1	70.017	A005-P1-TRIM3-EDGE-DATA-REVIEW	2	13.8
A005-P1	70.017	A005-P1-TRIM3-EDGE-DATA-REVIEW	3	13.8
A005-P1	70.017	A005-P1-TRIM3-EDGE-DATA-REVIEW	4	13.8
A005-P1	70.017	A005-P1-TRIM3-EDGE-DATA-REVIEW	5	13.8
A005-P1	70.017	A005-P1-TRIM3-EDGE-DATA-REVIEW	6	13.8
A005-P1	70.017	A005-P1-TRIM3-EDGE-DATA-REVIEW	7	13.8
A005-P1	70.017	A005-P1-TRIM3-EDGE-DATA-REVIEW	8	13.8
A005-P1	70.017	A005-P1-TRIM3-EDGE-DATA-REVIEW	9	13.92
A005-P1	70.017	A005-P1-TRIM3-EDGE-DATA-REVIEW	10	14.04
A005-P1	70.017	A005-P1-TRIM3-EDGE-DATA-REVIEW	11	14.16
A005-P1	70.017	A005-P1-TRIM3-EDGE-DATA-REVIEW	12	14.28
A005-P1	70.017	A005-P1-TRIM3-EDGE-DATA-REVIEW	13	14.4
A005-P1	70.018	A005-P1-DB2-POST-AOI-SCRB	1	8.52
A005-P1	70.018	A005-P1-DB2-POST-AOI-SCRB	2	14.16
A005-P1	70.018	A005-P1-DB2-POST-AOI-SCRB	3	19.8
A005-P1	70.018	A005-P1-DB2-POST-AOI-SCRB	4	25.44
A005-P1	70.018	A005-P1-DB2-POST-AOI-SCRB	5	31.08
A005-P1	70.018	A005-P1-DB2-POST-AOI-SCRB	6	36.72
A005-P1	70.018	A005-P1-DB2-POST-AOI-SCRB	7	42.36
A005-P1	70.018	A005-P1-DB2-POST-AOI-SCRB	8	48.0
A005-P1	70.018	A005-P1-DB2-POST-AOI-SCRB	9	53.64
A005-P1	70.018	A005-P1-DB2-POST-AOI-SCRB	10	59.28
A005-P1	70.018	A005-P1-DB2-POST-AOI-SCRB	11	64.92
A005-P1	70.018	A005-P1-DB2-POST-AOI-SCRB	12	70.56
A005-P1	70.018	A005-P1-DB2-POST-AOI-SCRB	13	76.2
A005-P1	70.019	A005-P1-TRIM3-2D-SCAN	1	16.56
A005-P1	70.019	A005-P1-TRIM3-2D-SCAN	2	27.48
A005-P1	70.019	A005-P1-TRIM3-2D-SCAN	3	38.4
A005-P1	70.019	A005-P1-TRIM3-2D-SCAN	4	49.32
A005-P1	70.019	A005-P1-TRIM3-2D-SCAN	5	60.24
A005-P1	70.019	A005-P1-TRIM3-2D-SCAN	6	71.16
A005-P1	70.019	A005-P1-TRIM3-2D-SCAN	7	82.08
A005-P1	70.019	A005-P1-TRIM3-2D-SCAN	8	93.0
A005-P1	70.019	A005-P1-TRIM3-2D-SCAN	9	104.04
A005-P1	70.019	A005-P1-TRIM3-2D-SCAN	10	115.08
A005-P1	70.019	A005-P1-TRIM3-2D-SCAN	11	126.12
A005-P1	70.019	A005-P1-TRIM3-2D-SCAN	12	137.16
A005-P1	70.019	A005-P1-TRIM3-2D-SCAN	13	148.2
A005-P1	70.020	A005-P1-TRIM3-DATA-REVIEW	1	40.8
A005-P1	70.020	A005-P1-TRIM3-DATA-REVIEW	2	42.6
A005-P1	70.020	A005-P1-TRIM3-DATA-REVIEW	3	44.4
A005-P1	70.020	A005-P1-TRIM3-DATA-REVIEW	4	46.2
A005-P1	70.020	A005-P1-TRIM3-DATA-REVIEW	5	48.0
A005-P1	70.020	A005-P1-TRIM3-DATA-REVIEW	6	49.8
A005-P1	70.020	A005-P1-TRIM3-DATA-REVIEW	7	51.6
A005-P1	70.020	A005-P1-TRIM3-DATA-REVIEW	8	53.4
A005-P1	70.020	A005-P1-TRIM3-DATA-REVIEW	9	55.08
A005-P1	70.020	A005-P1-TRIM3-DATA-REVIEW	10	56.76
A005-P1	70.020	A005-P1-TRIM3-DATA-REVIEW	11	58.44
A005-P1	70.020	A005-P1-TRIM3-DATA-REVIEW	12	60.12
A005-P1	70.020	A005-P1-TRIM3-DATA-REVIEW	13	61.8
A005-P1	70.021	AB1-INKMAP-COLLECT	1	0.0
A005-P1	70.021	AB1-INKMAP-COLLECT	2	0.0
A005-P1	70.021	AB1-INKMAP-COLLECT	3	0.0
A005-P1	70.021	AB1-INKMAP-COLLECT	4	0.0
A005-P1	70.021	AB1-INKMAP-COLLECT	5	0.0
A005-P1	70.021	AB1-INKMAP-COLLECT	6	0.0
A005-P1	70.021	AB1-INKMAP-COLLECT	7	0.0
A005-P1	70.021	AB1-INKMAP-COLLECT	8	0.0
A005-P1	70.021	AB1-INKMAP-COLLECT	9	0.0
A005-P1	70.021	AB1-INKMAP-COLLECT	10	0.0
A005-P1	70.021	AB1-INKMAP-COLLECT	11	0.0
A005-P1	70.021	AB1-INKMAP-COLLECT	12	0.0
A005-P1	70.021	AB1-INKMAP-COLLECT	13	0.0
A005-P1	70.022	A005-P1-OQC1-REPORT	1	30.0
A005-P1	70.022	A005-P1-OQC1-REPORT	2	30.0
A005-P1	70.022	A005-P1-OQC1-REPORT	3	30.0
A005-P1	70.022	A005-P1-OQC1-REPORT	4	30.0
A005-P1	70.022	A005-P1-OQC1-REPORT	5	30.0
A005-P1	70.022	A005-P1-OQC1-REPORT	6	30.0
A005-P1	70.022	A005-P1-OQC1-REPORT	7	30.0
A005-P1	70.022	A005-P1-OQC1-REPORT	8	30.0
A005-P1	70.022	A005-P1-OQC1-REPORT	9	30.0
A005-P1	70.022	A005-P1-OQC1-REPORT	10	30.0
A005-P1	70.022	A005-P1-OQC1-REPORT	11	30.0
A005-P1	70.022	A005-P1-OQC1-REPORT	12	30.0
A005-P1	70.022	A005-P1-OQC1-REPORT	13	30.0
A005-P1	70.023	A005-P1-DB2-TRAN	1	30.0
A005-P1	70.023	A005-P1-DB2-TRAN	2	30.0
A005-P1	70.023	A005-P1-DB2-TRAN	3	30.0
A005-P1	70.023	A005-P1-DB2-TRAN	4	30.0
A005-P1	70.023	A005-P1-DB2-TRAN	5	30.0
A005-P1	70.023	A005-P1-DB2-TRAN	6	30.0
A005-P1	70.023	A005-P1-DB2-TRAN	7	30.0
A005-P1	70.023	A005-P1-DB2-TRAN	8	30.0
A005-P1	70.023	A005-P1-DB2-TRAN	9	30.0
A005-P1	70.023	A005-P1-DB2-TRAN	10	30.0
A005-P1	70.023	A005-P1-DB2-TRAN	11	30.0
A005-P1	70.023	A005-P1-DB2-TRAN	12	30.0
A005-P1	70.023	A005-P1-DB2-TRAN	13	30.0
A005-P1	70.024	A005-P1-DB2-BANK	1	30.0
A005-P1	70.024	A005-P1-DB2-BANK	2	30.0
A005-P1	70.024	A005-P1-DB2-BANK	3	30.0
A005-P1	70.024	A005-P1-DB2-BANK	4	30.0
A005-P1	70.024	A005-P1-DB2-BANK	5	30.0
A005-P1	70.024	A005-P1-DB2-BANK	6	30.0
A005-P1	70.024	A005-P1-DB2-BANK	7	30.0
A005-P1	70.024	A005-P1-DB2-BANK	8	30.0
A005-P1	70.024	A005-P1-DB2-BANK	9	30.0
A005-P1	70.024	A005-P1-DB2-BANK	10	30.0
A005-P1	70.024	A005-P1-DB2-BANK	11	30.0
A005-P1	70.024	A005-P1-DB2-BANK	12	30.0
A005-P1	70.024	A005-P1-DB2-BANK	13	30.0
A005-P1	80.001	A005-P1-PKS-MOUNT	1	7.44
A005-P1	80.001	A005-P1-PKS-MOUNT	2	9.72
A005-P1	80.001	A005-P1-PKS-MOUNT	3	12.0
A005-P1	80.001	A005-P1-PKS-MOUNT	4	14.28
A005-P1	80.001	A005-P1-PKS-MOUNT	5	16.56
A005-P1	80.001	A005-P1-PKS-MOUNT	6	18.84
A005-P1	80.001	A005-P1-PKS-MOUNT	7	21.12
A005-P1	80.001	A005-P1-PKS-MOUNT	8	23.4
A005-P1	80.001	A005-P1-PKS-MOUNT	9	25.8
A005-P1	80.001	A005-P1-PKS-MOUNT	10	28.2
A005-P1	80.001	A005-P1-PKS-MOUNT	11	30.6
A005-P1	80.001	A005-P1-PKS-MOUNT	12	33.0
A005-P1	80.001	A005-P1-PKS-MOUNT	13	35.4
A005-P1	80.002	A005-P1-PKS-MOUNT-INSP	1	5.76
A005-P1	80.002	A005-P1-PKS-MOUNT-INSP	2	7.68
A005-P1	80.002	A005-P1-PKS-MOUNT-INSP	3	9.6
A005-P1	80.002	A005-P1-PKS-MOUNT-INSP	4	11.52
A005-P1	80.002	A005-P1-PKS-MOUNT-INSP	5	13.44
A005-P1	80.002	A005-P1-PKS-MOUNT-INSP	6	15.36
A005-P1	80.002	A005-P1-PKS-MOUNT-INSP	7	17.28
A005-P1	80.002	A005-P1-PKS-MOUNT-INSP	8	19.2
A005-P1	80.002	A005-P1-PKS-MOUNT-INSP	9	21.12
A005-P1	80.002	A005-P1-PKS-MOUNT-INSP	10	23.04
A005-P1	80.002	A005-P1-PKS-MOUNT-INSP	11	24.96
A005-P1	80.002	A005-P1-PKS-MOUNT-INSP	12	26.88
A005-P1	80.002	A005-P1-PKS-MOUNT-INSP	13	28.8
A005-P1	80.003	A005-P1-PKS-MOUNT-INSP-REV	1	4.92
A005-P1	80.003	A005-P1-PKS-MOUNT-INSP-REV	2	6.96
A005-P1	80.003	A005-P1-PKS-MOUNT-INSP-REV	3	9.0
A005-P1	80.003	A005-P1-PKS-MOUNT-INSP-REV	4	11.04
A005-P1	80.003	A005-P1-PKS-MOUNT-INSP-REV	5	13.08
A005-P1	80.003	A005-P1-PKS-MOUNT-INSP-REV	6	15.12
A005-P1	80.003	A005-P1-PKS-MOUNT-INSP-REV	7	17.16
A005-P1	80.003	A005-P1-PKS-MOUNT-INSP-REV	8	19.2
A005-P1	80.003	A005-P1-PKS-MOUNT-INSP-REV	9	21.24
A005-P1	80.003	A005-P1-PKS-MOUNT-INSP-REV	10	23.28
A005-P1	80.003	A005-P1-PKS-MOUNT-INSP-REV	11	25.32
A005-P1	80.003	A005-P1-PKS-MOUNT-INSP-REV	12	27.36
A005-P1	80.003	A005-P1-PKS-MOUNT-INSP-REV	13	29.4
A005-P1	80.004	A005-P1-PKS-SEMI-SAW	1	34.92
A005-P1	80.004	A005-P1-PKS-SEMI-SAW	2	62.16
A005-P1	80.004	A005-P1-PKS-SEMI-SAW	3	89.4
A005-P1	80.004	A005-P1-PKS-SEMI-SAW	4	116.64
A005-P1	80.004	A005-P1-PKS-SEMI-SAW	5	143.88
A005-P1	80.004	A005-P1-PKS-SEMI-SAW	6	171.12
A005-P1	80.004	A005-P1-PKS-SEMI-SAW	7	198.36
A005-P1	80.004	A005-P1-PKS-SEMI-SAW	8	225.6
A005-P1	80.004	A005-P1-PKS-SEMI-SAW	9	252.84
A005-P1	80.004	A005-P1-PKS-SEMI-SAW	10	280.08
A005-P1	80.004	A005-P1-PKS-SEMI-SAW	11	307.32
A005-P1	80.004	A005-P1-PKS-SEMI-SAW	12	334.56
A005-P1	80.004	A005-P1-PKS-SEMI-SAW	13	361.8
A005-P1	80.005	A005-P1-PKS-Z1-MEAS	1	12.0
A005-P1	80.005	A005-P1-PKS-Z1-MEAS	2	24.0
A005-P1	80.005	A005-P1-PKS-Z1-MEAS	3	36.0
A005-P1	80.005	A005-P1-PKS-Z1-MEAS	4	48.0
A005-P1	80.005	A005-P1-PKS-Z1-MEAS	5	60.0
A005-P1	80.005	A005-P1-PKS-Z1-MEAS	6	72.0
A005-P1	80.005	A005-P1-PKS-Z1-MEAS	7	84.0
A005-P1	80.005	A005-P1-PKS-Z1-MEAS	8	96.0
A005-P1	80.005	A005-P1-PKS-Z1-MEAS	9	108.0
A005-P1	80.005	A005-P1-PKS-Z1-MEAS	10	120.0
A005-P1	80.005	A005-P1-PKS-Z1-MEAS	11	132.0
A005-P1	80.005	A005-P1-PKS-Z1-MEAS	12	144.0
A005-P1	80.005	A005-P1-PKS-Z1-MEAS	13	156.0
A005-P1	80.006	A005-P1-PKS-LG	1	27.96
A005-P1	80.006	A005-P1-PKS-LG	2	42.48
A005-P1	80.006	A005-P1-PKS-LG	3	57.0
A005-P1	80.006	A005-P1-PKS-LG	4	71.52
A005-P1	80.006	A005-P1-PKS-LG	5	86.04
A005-P1	80.006	A005-P1-PKS-LG	6	100.56
A005-P1	80.006	A005-P1-PKS-LG	7	115.08
A005-P1	80.006	A005-P1-PKS-LG	8	129.6
A005-P1	80.006	A005-P1-PKS-LG	9	144.12
A005-P1	80.006	A005-P1-PKS-LG	10	158.64
A005-P1	80.006	A005-P1-PKS-LG	11	173.16
A005-P1	80.006	A005-P1-PKS-LG	12	187.68
A005-P1	80.006	A005-P1-PKS-LG	13	202.2
A005-P1	80.007	A005-P1-PKS-LG-MEAS-01	1	27.96
A005-P1	80.007	A005-P1-PKS-LG-MEAS-01	2	42.48
A005-P1	80.007	A005-P1-PKS-LG-MEAS-01	3	57.0
A005-P1	80.007	A005-P1-PKS-LG-MEAS-01	4	71.52
A005-P1	80.007	A005-P1-PKS-LG-MEAS-01	5	86.04
A005-P1	80.007	A005-P1-PKS-LG-MEAS-01	6	100.56
A005-P1	80.007	A005-P1-PKS-LG-MEAS-01	7	115.08
A005-P1	80.007	A005-P1-PKS-LG-MEAS-01	8	129.6
A005-P1	80.007	A005-P1-PKS-LG-MEAS-01	9	144.12
A005-P1	80.007	A005-P1-PKS-LG-MEAS-01	10	158.64
A005-P1	80.007	A005-P1-PKS-LG-MEAS-01	11	173.16
A005-P1	80.007	A005-P1-PKS-LG-MEAS-01	12	187.68
A005-P1	80.007	A005-P1-PKS-LG-MEAS-01	13	202.2
A005-P1	80.008	A005-P1-PKS-LG-MEAS	1	15.0
A005-P1	80.008	A005-P1-PKS-LG-MEAS	2	30.0
A005-P1	80.008	A005-P1-PKS-LG-MEAS	3	45.0
A005-P1	80.008	A005-P1-PKS-LG-MEAS	4	60.0
A005-P1	80.008	A005-P1-PKS-LG-MEAS	5	75.0
A005-P1	80.008	A005-P1-PKS-LG-MEAS	6	90.0
A005-P1	80.008	A005-P1-PKS-LG-MEAS	7	105.0
A005-P1	80.008	A005-P1-PKS-LG-MEAS	8	120
A005-P1	80.008	A005-P1-PKS-LG-MEAS	9	135.0
A005-P1	80.008	A005-P1-PKS-LG-MEAS	10	150.0
A005-P1	80.008	A005-P1-PKS-LG-MEAS	11	165.0
A005-P1	80.008	A005-P1-PKS-LG-MEAS	12	180.0
A005-P1	80.008	A005-P1-PKS-LG-MEAS	13	195.0
A005-P1	80.009	A005-P1-PKS-DIE-SAW	1	13.92
A005-P1	80.009	A005-P1-PKS-DIE-SAW	2	22.56
A005-P1	80.009	A005-P1-PKS-DIE-SAW	3	31.2
A005-P1	80.009	A005-P1-PKS-DIE-SAW	4	39.84
A005-P1	80.009	A005-P1-PKS-DIE-SAW	5	48.48
A005-P1	80.009	A005-P1-PKS-DIE-SAW	6	57.12
A005-P1	80.009	A005-P1-PKS-DIE-SAW	7	65.76
A005-P1	80.009	A005-P1-PKS-DIE-SAW	8	74.4
A005-P1	80.009	A005-P1-PKS-DIE-SAW	9	83.04
A005-P1	80.009	A005-P1-PKS-DIE-SAW	10	91.68
A005-P1	80.009	A005-P1-PKS-DIE-SAW	11	100.32
A005-P1	80.009	A005-P1-PKS-DIE-SAW	12	108.96
A005-P1	80.009	A005-P1-PKS-DIE-SAW	13	117.6
A005-P1	80.010	A005-P1-PKS-Z2-INSP-MEAS	1	8.88
A005-P1	80.010	A005-P1-PKS-Z2-INSP-MEAS	2	9.24
A005-P1	80.010	A005-P1-PKS-Z2-INSP-MEAS	3	9.6
A005-P1	80.010	A005-P1-PKS-Z2-INSP-MEAS	4	9.96
A005-P1	80.010	A005-P1-PKS-Z2-INSP-MEAS	5	10.32
A005-P1	80.010	A005-P1-PKS-Z2-INSP-MEAS	6	10.68
A005-P1	80.010	A005-P1-PKS-Z2-INSP-MEAS	7	11.04
A005-P1	80.010	A005-P1-PKS-Z2-INSP-MEAS	8	11.4
A005-P1	80.010	A005-P1-PKS-Z2-INSP-MEAS	9	11.64
A005-P1	80.010	A005-P1-PKS-Z2-INSP-MEAS	10	11.88
A005-P1	80.010	A005-P1-PKS-Z2-INSP-MEAS	11	12.12
A005-P1	80.010	A005-P1-PKS-Z2-INSP-MEAS	12	12.36
A005-P1	80.010	A005-P1-PKS-Z2-INSP-MEAS	13	12.6
A005-P1	80.011	A005-P1-PKS-Z2-MEAS-REV	1	11.64
A005-P1	80.011	A005-P1-PKS-Z2-MEAS-REV	2	12.12
A005-P1	80.011	A005-P1-PKS-Z2-MEAS-REV	3	12.6
A005-P1	80.011	A005-P1-PKS-Z2-MEAS-REV	4	13.08
A005-P1	80.011	A005-P1-PKS-Z2-MEAS-REV	5	13.56
A005-P1	80.011	A005-P1-PKS-Z2-MEAS-REV	6	14.04
A005-P1	80.011	A005-P1-PKS-Z2-MEAS-REV	7	14.52
A005-P1	80.011	A005-P1-PKS-Z2-MEAS-REV	8	15.0
A005-P1	80.011	A005-P1-PKS-Z2-MEAS-REV	9	15.48
A005-P1	80.011	A005-P1-PKS-Z2-MEAS-REV	10	15.96
A005-P1	80.011	A005-P1-PKS-Z2-MEAS-REV	11	16.44
A005-P1	80.011	A005-P1-PKS-Z2-MEAS-REV	12	16.92
A005-P1	80.011	A005-P1-PKS-Z2-MEAS-REV	13	17.4
A005-P1	80.012	A005-P1-PKS-UV-ERASE	1	1.92
A005-P1	80.012	A005-P1-PKS-UV-ERASE	2	2.76
A005-P1	80.012	A005-P1-PKS-UV-ERASE	3	3.6
A005-P1	80.012	A005-P1-PKS-UV-ERASE	4	4.44
A005-P1	80.012	A005-P1-PKS-UV-ERASE	5	5.28
A005-P1	80.012	A005-P1-PKS-UV-ERASE	6	6.12
A005-P1	80.012	A005-P1-PKS-UV-ERASE	7	6.96
A005-P1	80.012	A005-P1-PKS-UV-ERASE	8	7.8
A005-P1	80.012	A005-P1-PKS-UV-ERASE	9	8.64
A005-P1	80.012	A005-P1-PKS-UV-ERASE	10	9.48
A005-P1	80.012	A005-P1-PKS-UV-ERASE	11	10.32
A005-P1	80.012	A005-P1-PKS-UV-ERASE	12	11.16
A005-P1	80.012	A005-P1-PKS-UV-ERASE	13	12.0
A005-P1	80.013	A005-P1-PKS-SCRB2	1	6.12
A005-P1	80.013	A005-P1-PKS-SCRB2	2	11.76
A005-P1	80.013	A005-P1-PKS-SCRB2	3	17.4
A005-P1	80.013	A005-P1-PKS-SCRB2	4	23.04
A005-P1	80.013	A005-P1-PKS-SCRB2	5	28.68
A005-P1	80.013	A005-P1-PKS-SCRB2	6	34.32
A005-P1	80.013	A005-P1-PKS-SCRB2	7	39.96
A005-P1	80.013	A005-P1-PKS-SCRB2	8	45.6
A005-P1	80.013	A005-P1-PKS-SCRB2	9	51.24
A005-P1	80.013	A005-P1-PKS-SCRB2	10	56.88
A005-P1	80.013	A005-P1-PKS-SCRB2	11	62.52
A005-P1	80.013	A005-P1-PKS-SCRB2	12	68.16
A005-P1	80.013	A005-P1-PKS-SCRB2	13	73.8
A005-P1	90.001	A005-P1-OQC2-DS-2D-SCAN	1	20.64
A005-P1	90.001	A005-P1-OQC2-DS-2D-SCAN	2	39.72
A005-P1	90.001	A005-P1-OQC2-DS-2D-SCAN	3	58.8
A005-P1	90.001	A005-P1-OQC2-DS-2D-SCAN	4	77.88
A005-P1	90.001	A005-P1-OQC2-DS-2D-SCAN	5	96.96
A005-P1	90.001	A005-P1-OQC2-DS-2D-SCAN	6	116.04
A005-P1	90.001	A005-P1-OQC2-DS-2D-SCAN	7	135.12
A005-P1	90.001	A005-P1-OQC2-DS-2D-SCAN	8	154.2
A005-P1	90.001	A005-P1-OQC2-DS-2D-SCAN	9	173.16
A005-P1	90.001	A005-P1-OQC2-DS-2D-SCAN	10	192.12
A005-P1	90.001	A005-P1-OQC2-DS-2D-SCAN	11	211.08
A005-P1	90.001	A005-P1-OQC2-DS-2D-SCAN	12	230.04
A005-P1	90.001	A005-P1-OQC2-DS-2D-SCAN	13	249.0
A005-P1	90.002	A005-P1-OQC2-DATA-REVIEW1	1	67.56
A005-P1	90.002	A005-P1-OQC2-DATA-REVIEW1	2	99.48
A005-P1	90.002	A005-P1-OQC2-DATA-REVIEW1	3	131.4
A005-P1	90.002	A005-P1-OQC2-DATA-REVIEW1	4	163.32
A005-P1	90.002	A005-P1-OQC2-DATA-REVIEW1	5	195.24
A005-P1	90.002	A005-P1-OQC2-DATA-REVIEW1	6	227.16
A005-P1	90.002	A005-P1-OQC2-DATA-REVIEW1	7	259.08
A005-P1	90.002	A005-P1-OQC2-DATA-REVIEW1	8	291.0
A005-P1	90.002	A005-P1-OQC2-DATA-REVIEW1	9	322.8
A005-P1	90.002	A005-P1-OQC2-DATA-REVIEW1	10	354.6
A005-P1	90.002	A005-P1-OQC2-DATA-REVIEW1	11	386.4
A005-P1	90.002	A005-P1-OQC2-DATA-REVIEW1	12	418.2
A005-P1	90.002	A005-P1-OQC2-DATA-REVIEW1	13	450.0
A005-P1	90.003	A005-P1-OQC2-REPORT	1	0.0
A005-P1	90.003	A005-P1-OQC2-REPORT	2	0.0
A005-P1	90.003	A005-P1-OQC2-REPORT	3	0.0
A005-P1	90.003	A005-P1-OQC2-REPORT	4	0.0
A005-P1	90.003	A005-P1-OQC2-REPORT	5	0.0
A005-P1	90.003	A005-P1-OQC2-REPORT	6	0.0
A005-P1	90.003	A005-P1-OQC2-REPORT	7	0.0
A005-P1	90.003	A005-P1-OQC2-REPORT	8	0.0
A005-P1	90.003	A005-P1-OQC2-REPORT	9	0.0
A005-P1	90.003	A005-P1-OQC2-REPORT	10	0.0
A005-P1	90.003	A005-P1-OQC2-REPORT	11	0.0
A005-P1	90.003	A005-P1-OQC2-REPORT	12	0.0
A005-P1	90.003	A005-P1-OQC2-REPORT	13	0.0
A005-P1	90.004	A005-P1-OQC2-BANK	1	3.12
A005-P1	90.004	A005-P1-OQC2-BANK	2	3.36
A005-P1	90.004	A005-P1-OQC2-BANK	3	3.6
A005-P1	90.004	A005-P1-OQC2-BANK	4	3.84
A005-P1	90.004	A005-P1-OQC2-BANK	5	4.08
A005-P1	90.004	A005-P1-OQC2-BANK	6	4.32
A005-P1	90.004	A005-P1-OQC2-BANK	7	4.56
A005-P1	90.004	A005-P1-OQC2-BANK	8	4.8
A005-P1	90.004	A005-P1-OQC2-BANK	9	4.92
A005-P1	90.004	A005-P1-OQC2-BANK	10	5.04
A005-P1	90.004	A005-P1-OQC2-BANK	11	5.16
A005-P1	90.004	A005-P1-OQC2-BANK	12	5.28
A005-P1	90.004	A005-P1-OQC2-BANK	13	5.4
